{
    "0": {
        "val_loss": 26613.590553977272,
        "val_color_model_loss": 26606.978728693182,
        "val_clf_model_loss": 6.611777374961159,
        "val_color_model_acc": 0.47942124767736954,
        "val_clf_model_acc": 0.07727272727272727,
        "loss": 6502.400408957306,
        "color_model_loss": 6496.312208097462,
        "clf_model_loss": 6.0881829287279094,
        "color_model_acc": 0.6049095156358525,
        "clf_model_acc": 0.0772894385026738
    },
    "1": {
        "val_loss": 8377.086381392046,
        "val_color_model_loss": 8371.993794389204,
        "val_clf_model_loss": 5.092537498474121,
        "val_color_model_acc": 0.4626178508455103,
        "val_clf_model_acc": 0.15085227272727272,
        "loss": 270.68797878870566,
        "color_model_loss": 265.35981897364326,
        "clf_model_loss": 5.328159941708978,
        "color_model_acc": 0.5632318438374423,
        "clf_model_acc": 0.12408088235294118
    },
    "2": {
        "val_loss": 1258.245636541193,
        "val_color_model_loss": 1252.944198330966,
        "val_clf_model_loss": 5.301438730413263,
        "val_color_model_acc": 0.529219269210642,
        "val_clf_model_acc": 0.11534090909090909,
        "loss": 195.0329425424178,
        "color_model_loss": 189.8527204544149,
        "clf_model_loss": 5.1802224781423964,
        "color_model_acc": 0.5657503612857452,
        "clf_model_acc": 0.13608511586452762
    },
    "3": {
        "val_loss": 373.76000255237926,
        "val_color_model_loss": 368.72832974520594,
        "val_clf_model_loss": 5.031672616438432,
        "val_color_model_acc": 0.530025227503343,
        "val_clf_model_acc": 0.1494318181818182,
        "loss": 167.32015130354122,
        "color_model_loss": 162.26105034160105,
        "clf_model_loss": 5.059100853993081,
        "color_model_acc": 0.5883227966579736,
        "clf_model_acc": 0.14583333333333334
    },
    "4": {
        "val_loss": 19464.055595814098,
        "val_color_model_loss": 19459.052685546874,
        "val_clf_model_loss": 5.002885090221058,
        "val_color_model_acc": 0.5231505160981959,
        "val_clf_model_acc": 0.1497159090909091,
        "loss": 158.85095455557268,
        "color_model_loss": 153.7302115945255,
        "clf_model_loss": 5.120742721353623,
        "color_model_acc": 0.6008475995000033,
        "clf_model_acc": 0.13552807486631016
    },
    "5": {
        "val_loss": 204.90730923739346,
        "val_color_model_loss": 199.8866718639027,
        "val_clf_model_loss": 5.020638223127885,
        "val_color_model_acc": 0.5346848785877227,
        "val_clf_model_acc": 0.1474431818181818,
        "loss": 153.42890017640357,
        "color_model_loss": 148.31715625620143,
        "clf_model_loss": 5.111743681358568,
        "color_model_acc": 0.6185077660436511,
        "clf_model_acc": 0.14029077540106952
    },
    "6": {
        "val_loss": 469.47471313476564,
        "val_color_model_loss": 464.4508744673295,
        "val_clf_model_loss": 5.0238391876220705,
        "val_color_model_acc": 0.5715550736947493,
        "val_clf_model_acc": 0.14829545454545454,
        "loss": 147.05956053436333,
        "color_model_loss": 142.09308424352963,
        "clf_model_loss": 4.96647627808406,
        "color_model_acc": 0.6102682749430338,
        "clf_model_acc": 0.15661207664884136
    },
    "7": {
        "val_loss": 159.76799247048118,
        "val_color_model_loss": 154.99457799738104,
        "val_clf_model_loss": 4.773414256355979,
        "val_color_model_acc": 0.552452187646519,
        "val_clf_model_acc": 0.16647727272727272,
        "loss": 139.35225568693164,
        "color_model_loss": 134.58123977851528,
        "clf_model_loss": 4.771016067787075,
        "color_model_acc": 0.6246352332798555,
        "clf_model_acc": 0.17527295008912655
    },
    "8": {
        "val_loss": 137.6234925703569,
        "val_color_model_loss": 133.05198281028055,
        "val_clf_model_loss": 4.571510271592573,
        "val_color_model_acc": 0.6926319588314404,
        "val_clf_model_acc": 0.19602272727272727,
        "loss": 135.78462410993117,
        "color_model_loss": 131.12494022960968,
        "clf_model_loss": 4.659683842922489,
        "color_model_acc": 0.6288244856020133,
        "clf_model_acc": 0.1844641265597148
    },
    "9": {
        "val_loss": 134.6353431008079,
        "val_color_model_loss": 130.03319438587536,
        "val_clf_model_loss": 4.602148116718639,
        "val_color_model_acc": 0.6617006388577548,
        "val_clf_model_acc": 0.19090909090909092,
        "loss": 132.45013592289942,
        "color_model_loss": 127.87032469071168,
        "clf_model_loss": 4.579811099591315,
        "color_model_acc": 0.6330388491166467,
        "clf_model_acc": 0.19323752228163993
    }
}
