{"0": {"val_loss": 649.541025612571, "val_color_model_loss": 644.2620527787642, "val_clf_model_loss": 5.278967709974809, "val_color_model_acc": 0.5413828763094816, "val_clf_model_acc": 0.13125, "loss": 2044.1674086898831, "color_model_loss": 2038.180489388804, "clf_model_loss": 5.986910146825454, "color_model_acc": 0.5401036921563208, "clf_model_acc": 0.08887589126559715}, "1": {"val_loss": 166.58151633522726, "val_color_model_loss": 161.36632690429687, "val_clf_model_loss": 5.215189422260631, "val_color_model_acc": 0.6416600368239663, "val_clf_model_acc": 0.11619318181818182, "loss": 173.43265065619866, "color_model_loss": 168.0677669613544, "clf_model_loss": 5.364883442401036, "color_model_acc": 0.5773463828784684, "clf_model_acc": 0.11090686274509803}, "2": {"val_loss": 4894.689328835228, "val_color_model_loss": 4889.509987571023, "val_clf_model_loss": 5.179339391534978, "val_color_model_acc": 0.6358116648413918, "val_clf_model_acc": 0.11363636363636363, "loss": 154.87332957058666, "color_model_loss": 149.55569161535797, "clf_model_loss": 5.317638053826045, "color_model_acc": 0.590527516263479, "clf_model_acc": 0.11207664884135472}, "3": {"val_loss": 164.85622003728693, "val_color_model_loss": 159.4442692149769, "val_clf_model_loss": 5.411951593919234, "val_color_model_acc": 0.5583936821330677, "val_clf_model_acc": 0.10653409090909091, "loss": 147.91826787394425, "color_model_loss": 142.69409160648013, "clf_model_loss": 5.224176216465479, "color_model_acc": 0.6044740705035374, "clf_model_acc": 0.1270053475935829}, "4": {"val_loss": 214.24542125355114, "val_color_model_loss": 209.46905240145597, "val_clf_model_loss": 4.776369571685791, "val_color_model_acc": 0.6890113776380365, "val_clf_model_acc": 0.1786931818181818, "loss": 138.79360273772596, "color_model_loss": 133.78501533059512, "clf_model_loss": 5.008587536327342, "color_model_acc": 0.6271202114814105, "clf_model_acc": 0.15728052584670232}, "5": {"val_loss": 133.0251697887074, "val_color_model_loss": 128.19426866011187, "val_clf_model_loss": 4.83090049570257, "val_color_model_acc": 0.6935990658673373, "val_clf_model_acc": 0.16590909090909092, "loss": 134.45887312999596, "color_model_loss": 129.59501196441377, "clf_model_loss": 4.863861237830232, "color_model_acc": 0.6363260715190527, "clf_model_acc": 0.1699810606060606}, "6": {"val_loss": 152.92586281516336, "val_color_model_loss": 147.98621049360796, "val_clf_model_loss": 4.939651636643843, "val_color_model_acc": 0.6853894678029147, "val_clf_model_acc": 0.17272727272727273, "loss": 130.8117585071693, "color_model_loss": 126.05617495994092, "clf_model_loss": 4.75558365687542, "color_model_acc": 0.6402993410453864, "clf_model_acc": 0.1776403743315508}, "7": {"val_loss": 163.77851465398615, "val_color_model_loss": 158.90996579256924, "val_clf_model_loss": 4.868549164858732, "val_color_model_acc": 0.6849020979621193, "val_clf_model_acc": 0.19119318181818182, "loss": 128.48377038748293, "color_model_loss": 123.80337501294684, "clf_model_loss": 4.680395439984327, "color_model_acc": 0.6460972326324586, "clf_model_acc": 0.18552250445632798}, "8": {"val_loss": 133.670651661266, "val_color_model_loss": 129.0056470003995, "val_clf_model_loss": 4.665004340085116, "val_color_model_acc": 0.6007222251458602, "val_clf_model_acc": 0.1786931818181818, "loss": 126.4474526607629, "color_model_loss": 121.83391184815324, "clf_model_loss": 4.613540945206096, "color_model_acc": 0.6441021447938181, "clf_model_acc": 0.19017379679144386}, "9": {"val_loss": 125.66938088156961, "val_color_model_loss": 121.16115001331676, "val_clf_model_loss": 4.50823090726679, "val_color_model_acc": 0.7003032619302924, "val_clf_model_acc": 0.20482954545454546, "loss": 124.80254887599571, "color_model_loss": 120.23587935068603, "clf_model_loss": 4.566669453061626, "color_model_acc": 0.6434345153988789, "clf_model_acc": 0.1961062834224599}, "10": {"val_loss": 133.524812039462, "val_color_model_loss": 128.91376426003197, "val_clf_model_loss": 4.611046704378995, "val_color_model_acc": 0.6914972467855973, "val_clf_model_acc": 0.19801136363636362, "loss": 124.56491552614698, "color_model_loss": 120.0063543880687, "clf_model_loss": 4.558560985082399, "color_model_acc": 0.6478150271264415, "clf_model_acc": 0.19866867201426025}, "11": {"val_loss": 126.69701884876598, "val_color_model_loss": 122.08981267755682, "val_clf_model_loss": 4.607206435637041, "val_color_model_acc": 0.5918652675368569, "val_clf_model_acc": 0.1903409090909091, "loss": 122.748916721174, "color_model_loss": 118.25198932722503, "clf_model_loss": 4.4969273416753754, "color_model_acc": 0.65039871561336, "clf_model_acc": 0.20295788770053477}, "12": {"val_loss": 124.99230332808061, "val_color_model_loss": 120.42744001908736, "val_clf_model_loss": 4.564863629774614, "val_color_model_acc": 0.6776104114272378, "val_clf_model_acc": 0.190625, "loss": 121.62133376993597, "color_model_loss": 117.15259708397741, "clf_model_loss": 4.468736702108128, "color_model_acc": 0.6516916707237774, "clf_model_acc": 0.20265151515151514}, "13": {"val_loss": 123.75366876775568, "val_color_model_loss": 119.29139362681995, "val_clf_model_loss": 4.462274785475297, "val_color_model_acc": 0.7115720272064209, "val_clf_model_acc": 0.2122159090909091, "loss": 120.61939945322945, "color_model_loss": 116.18021112669811, "clf_model_loss": 4.439188312506718, "color_model_acc": 0.6521982102258108, "clf_model_acc": 0.20554812834224598}, "14": {"val_loss": 482.607600402832, "val_color_model_loss": 478.02873868075284, "val_clf_model_loss": 4.578862714767456, "val_color_model_acc": 0.6755810152400624, "val_clf_model_acc": 0.2002840909090909, "loss": 119.47832480853891, "color_model_loss": 115.07846495004473, "clf_model_loss": 4.3998597411973375, "color_model_acc": 0.6528141585688327, "clf_model_acc": 0.21000445632798573}, "15": {"val_loss": 122.50159953724254, "val_color_model_loss": 118.09380229603161, "val_clf_model_loss": 4.407797679034147, "val_color_model_acc": 0.6900176991115917, "val_clf_model_acc": 0.20795454545454545, "loss": 119.45163603049974, "color_model_loss": 115.0470773489505, "clf_model_loss": 4.404558724048091, "color_model_acc": 0.6533361754102928, "clf_model_acc": 0.2116198752228164}, "16": {"val_loss": 125.20820867365057, "val_color_model_loss": 120.68020893443715, "val_clf_model_loss": 4.528000016645952, "val_color_model_acc": 0.7163453947414051, "val_clf_model_acc": 0.18636363636363637, "loss": 118.18942379059001, "color_model_loss": 113.83138212588169, "clf_model_loss": 4.358041625609372, "color_model_acc": 0.6546210032520872, "clf_model_acc": 0.21415441176470587}, "17": {"val_loss": 122.13340925736861, "val_color_model_loss": 117.79301716197621, "val_clf_model_loss": 4.3403914711692115, "val_color_model_acc": 0.6025575583631342, "val_clf_model_acc": 0.21676136363636364, "loss": 117.48797601982021, "color_model_loss": 113.15580531917578, "clf_model_loss": 4.332170844290558, "color_model_acc": 0.6554758260806827, "clf_model_acc": 0.21746880570409982}, "18": {"val_loss": 121.59630889892578, "val_color_model_loss": 117.20629050514914, "val_clf_model_loss": 4.390018450130116, "val_color_model_acc": 0.5835559953342785, "val_clf_model_acc": 0.21278409090909092, "loss": 116.73557701722824, "color_model_loss": 112.42452801655108, "clf_model_loss": 4.311048852781136, "color_model_acc": 0.6567696570925109, "clf_model_acc": 0.21783088235294118}, "19": {"val_loss": 233.7102333762429, "val_color_model_loss": 229.3913567282937, "val_clf_model_loss": 4.318877319856123, "val_color_model_acc": 0.5900242653760043, "val_clf_model_acc": 0.21960227272727273, "loss": 115.99005756616168, "color_model_loss": 111.7069168770802, "clf_model_loss": 4.283140683981611, "color_model_acc": 0.6570695346476985, "clf_model_acc": 0.22111742424242425}, "20": {"val_loss": 123.39022938121448, "val_color_model_loss": 119.10248759876598, "val_clf_model_loss": 4.287741708755493, "val_color_model_acc": 0.6236376079646024, "val_clf_model_acc": 0.22244318181818182,