{
    "aqueduct": 21.698080003261566,
    "arch": 11.814694851636887,
    "castle": 13.032057881355286,
    "kasbah": 6.498761475086212,
    "ruin": 20.51670104265213
}