{
    "arcade": 3.864995762705803,
    "church-indoor": 52.85627841949463,
    "courtyard": 5.325394496321678,
    "entrance_hall": 5.935424938797951,
    "throne_room": 17.37743616104126
}