{
    "arch": 6.5399497747421265,
    "burial_chamber": 3.812071681022644,
    "church-indoor": 36.7153525352478,
    "entrance_hall": 5.4375916719436646,
    "throne_room": 22.09063023328781
}