{
    "arch": 9.350590407848358,
    "church-indoor": 22.149454057216644,
    "courtyard": 10.450774431228638,
    "synagogue-outdoor": 6.089514493942261,
    "throne_room": 6.366729736328125
}