{
    "arch": 8.494266122579575,
    "church-indoor": 15.383709967136383,
    "courtyard": 8.801022917032242,
    "entrance_hall": 10.172667354345322,
    "throne_room": 7.044626772403717
}