{
    "arch": 8.494280278682709,
    "church-indoor": 15.38350135087967,
    "courtyard": 8.801105618476868,
    "entrance_hall": 10.172683745622635,
    "throne_room": 7.04469233751297
}