{
    "arch": 8.49432498216629,
    "church-indoor": 15.383464097976685,
    "courtyard": 8.801084011793137,
    "entrance_hall": 10.172737389802933,
    "throne_room": 7.044728845357895
}