{
    "arcade": 8.935520052909851,
    "arch": 16.193225979804993,
    "church-indoor": 12.240926176309586,
    "courtyard": 13.754761219024658,
    "throne_room": 6.048981472849846
}