{
    "arcade": 6.375023722648621,
    "church-indoor": 27.675369381904602,
    "courtyard": 7.283505797386169,
    "entrance_hall": 11.005812883377075,
    "throne_room": 18.199452757835388
}