{
    "arch": 8.676137030124664,
    "church-indoor": 30.020907521247864,
    "courtyard": 6.334341317415237,
    "entrance_hall": 7.626289129257202,
    "throne_room": 15.200397372245789
}