{
    "arch": 6.058915331959724,
    "church-indoor": 29.91623282432556,
    "courtyard": 5.213437229394913,
    "entrance_hall": 6.949549168348312,
    "throne_room": 19.339555501937866
}