{
    "arch": 8.676204085350037,
    "church-indoor": 30.02045452594757,
    "courtyard": 6.334391236305237,
    "entrance_hall": 7.6263487339019775,
    "throne_room": 15.20051509141922
}