{
    "arch": 8.117883652448654,
    "church-indoor": 16.795912384986877,
    "courtyard": 9.868836402893066,
    "entrance_hall": 7.105056941509247,
    "throne_room": 12.430533766746521
}