{
    "alcove": 2.6858679950237274,
    "arch": 2.40744948387146,
    "burial_chamber": 2.4013958871364594,
    "doorway-outdoor": 4.045214876532555,
    "ticket_booth": 2.471187151968479
}