{
    "doorway-outdoor": 7.916906476020813,
    "medina": 3.504566475749016,
    "phone_booth": 10.62714159488678,
    "shopfront": 3.119499981403351,
    "ticket_booth": 5.051910504698753
}