{
    "bank_vault": 4.8507217317819595,
    "medina": 3.0141348019242287,
    "motel": 2.730741538107395,
    "phone_booth": 8.544321358203888,
    "ticket_booth": 3.341718018054962
}