{
    "alcove": 2.6858890429139137,
    "arch": 2.407449670135975,
    "burial_chamber": 2.4014146998524666,
    "doorway-outdoor": 4.0452152490615845,
    "ticket_booth": 2.4711119011044502
}