{
    "bank_vault": 2.7737950906157494,
    "doorway-outdoor": 7.108307629823685,
    "medina": 3.2875362783670425,
    "phone_booth": 7.932492345571518,
    "ticket_booth": 3.264142945408821
}