{
    "bank_vault": 2.7398187667131424,
    "medina": 2.671964652836323,
    "motel": 2.7882779017090797,
    "phone_booth": 6.502754986286163,
    "ticket_booth": 7.313363999128342
}