{
    "doorway-outdoor": 7.9170651733875275,
    "medina": 3.50455641746521,
    "phone_booth": 10.627192258834839,
    "shopfront": 3.1195148825645447,
    "ticket_booth": 5.051895976066589
}