{
    "bank_vault": 5.494267866015434,
    "doorway-outdoor": 3.029804490506649,
    "elevator-door": 3.880089521408081,
    "phone_booth": 9.021754562854767,
    "ticket_booth": 6.236850097775459
}