{
    "alcove": 2.6858853176236153,
    "arch": 2.4074282497167587,
    "burial_chamber": 2.401448041200638,
    "doorway-outdoor": 4.0451787412166595,
    "ticket_booth": 2.4711651727557182
}