{
    "doorway-outdoor": 4.258040338754654,
    "gas_station": 3.842829167842865,
    "phone_booth": 10.277512669563293,
    "shopfront": 3.89421284198761,
    "ticket_booth": 6.587689369916916
}