{
    "arch": 3.603598102927208,
    "burial_chamber": 2.509467862546444,
    "mausoleum": 2.5089699774980545,
    "phone_booth": 3.6525774747133255,
    "ticket_booth": 2.5234926491975784
}