{
    "doorway-outdoor": 3.007982484996319,
    "general_store-outdoor": 3.157610073685646,
    "motel": 2.8828341513872147,
    "phone_booth": 7.9053521156311035,
    "ticket_booth": 10.901221632957458
}