{
    "balcony-exterior": 5.081001669168472,
    "campus": 4.273771494626999,
    "courtyard": 10.441219806671143,
    "formal_garden": 5.654747411608696,
    "roof_garden": 8.79950150847435
}