{
    "badlands": 5.284908413887024,
    "butte": 37.780365347862244,
    "kasbah": 3.702883794903755,
    "rock_arch": 4.734398424625397,
    "ruin": 23.653894662857056
}