{
    "arena-rodeo": 24.29804652929306,
    "bullring": 3.2026398926973343,
    "corral": 68.55595707893372,
    "racecourse": 1.9471583887934685,
    "stable": 1.0917985811829567
}