{
    "arena-rodeo": 31.559398770332336,
    "bullring": 3.8655124604701996,
    "corral": 54.28733229637146,
    "racecourse": 4.800881817936897,
    "stable": 2.379330061376095
}