{
    "arena-rodeo": 55.831700563430786,
    "bullring": 1.3392805121839046,
    "corral": 39.66497778892517,
    "racecourse": 2.765946090221405,
    "stable": 0.3361982060596347
}