{
    "arena-rodeo": 55.45474886894226,
    "bullring": 1.5234161168336868,
    "corral": 42.05919802188873,
    "racecourse": 0.7787142880260944,
    "stable": 0.12742456747218966
}