{
    "arena-rodeo": 63.256627321243286,
    "bullring": 5.376899987459183,
    "corral": 27.962657809257507,
    "racecourse": 2.4257786571979523,
    "stable": 0.4553662147372961
}