{
    "archaelogical_excavation": 3.5284969955682755,
    "arena-rodeo": 11.030935496091843,
    "bullring": 12.258762866258621,
    "corral": 50.444215536117554,
    "farm": 4.081932827830315
}