{
    "arena-rodeo": 26.919156312942505,
    "bullring": 1.5013368800282478,
    "corral": 66.11917614936829,
    "racecourse": 4.531436040997505,
    "stable": 0.6654522381722927
}