{
    "arena-rodeo": 63.25737237930298,
    "bullring": 5.376635491847992,
    "corral": 27.962133288383484,
    "racecourse": 2.4258071556687355,
    "stable": 0.45536463148891926
}