{
    "arena-rodeo": 63.256895542144775,
    "bullring": 5.376840755343437,
    "corral": 27.962347865104675,
    "racecourse": 2.4258630350232124,
    "stable": 0.4553681705147028
}