{
    "arena-rodeo": 70.69844007492065,
    "bullring": 15.970893204212189,
    "corral": 12.278798967599869,
    "racecourse": 0.6059390027076006,
    "stable": 0.16725463792681694
}