{
    "arena-rodeo": 56.21170997619629,
    "bullring": 2.790045738220215,
    "corral": 35.46959161758423,
    "racecourse": 3.8954071700572968,
    "stable": 0.6843355018645525
}