{
    "arena-rodeo": 55.831289291381836,
    "bullring": 1.3393319211900234,
    "corral": 39.66529369354248,
    "racecourse": 2.765967696905136,
    "stable": 0.3362111281603575
}