{
    "badlands": 22.972385585308075,
    "butte": 11.833834648132324,
    "canyon": 5.704248324036598,
    "dam": 5.070986971259117,
    "waterfall": 9.251000732183456
}