{
    "desert-vegetation": 62.87301778793335,
    "desert_road": 2.564571797847748,
    "mountain_path": 2.2592242807149887,
    "orchard": 1.7250854521989822,
    "tree_farm": 2.578265592455864
}