{
    "botanical_garden": 6.524163484573364,
    "fishpond": 11.606203019618988,
    "florist_shop-indoor": 18.17558854818344,
    "landfill": 7.551378011703491,
    "vegetable_garden": 10.10073721408844
}