{
    "desert-vegetation": 2.386946976184845,
    "forest-broadleaf": 62.675273418426514,
    "forest_path": 21.867714822292328,
    "rainforest": 2.1939480677247047,
    "swamp": 1.2944773770868778
}