{
    "bamboo_forest": 1.6877682879567146,
    "forest-broadleaf": 65.17117619514465,
    "forest_path": 13.58039677143097,
    "rainforest": 4.9399301409721375,
    "swamp": 3.3918987959623337
}