{
    "forest-broadleaf": 37.817007303237915,
    "forest_path": 12.09663674235344,
    "grotto": 3.784368932247162,
    "rainforest": 4.997739940881729,
    "swamp": 5.793500319123268
}