{
    "canyon": 3.5059813410043716,
    "forest-broadleaf": 35.144323110580444,
    "forest_path": 15.895992517471313,
    "rainforest": 6.444993615150452,
    "swamp": 4.209577292203903
}