{
    "bamboo_forest": 1.9140426069498062,
    "forest-broadleaf": 36.832985281944275,
    "forest_path": 34.047794342041016,
    "rainforest": 3.8603119552135468,
    "swamp": 10.8998604118824
}