{
    "creek": 2.6815103366971016,
    "forest-broadleaf": 39.377760887145996,
    "forest_path": 12.38282322883606,
    "rainforest": 4.7386594116687775,
    "swamp": 7.009592652320862
}