{
    "bamboo_forest": 1.687808521091938,
    "forest-broadleaf": 65.17074704170227,
    "forest_path": 13.580723106861115,
    "rainforest": 4.939822107553482,
    "swamp": 3.3919796347618103
}