{
    "bamboo_forest": 1.6877904534339905,
    "forest-broadleaf": 65.17104506492615,
    "forest_path": 13.58036994934082,
    "rainforest": 4.939920082688332,
    "swamp": 3.3918917179107666
}