{
    "butte": 6.129169464111328,
    "canyon": 5.65568171441555,
    "forest-broadleaf": 28.398999571800232,
    "forest_path": 13.882657885551453,
    "rainforest": 5.0352975726127625
}