{
    "canyon": 6.744652986526489,
    "forest-broadleaf": 30.720791220664978,
    "forest_path": 11.037557572126389,
    "grotto": 5.289417132735252,
    "rainforest": 4.784208163619041
}