{
    "butte": 6.507729738950729,
    "canyon": 4.8380158841609955,
    "forest-broadleaf": 24.42723661661148,
    "forest_path": 13.181626796722412,
    "swamp": 5.794943124055862
}