{
    "forest-broadleaf": 37.81715929508209,
    "forest_path": 12.096499651670456,
    "grotto": 3.7842679768800735,
    "rainforest": 4.997912049293518,
    "swamp": 5.793434754014015
}