{
    "doorway-outdoor": 1.2305251322686672,
    "driveway": 3.156721219420433,
    "garage-outdoor": 78.37531566619873,
    "loading_dock": 1.6766499727964401,
    "manufactured_home": 7.8624725341796875
}