{
    "castle": 3.283527120947838,
    "japanese_garden": 7.886754721403122,
    "moat-water": 19.596751034259796,
    "ruin": 12.11325004696846,
    "temple-asia": 8.969240635633469
}