{
    "castle": 7.600133121013641,
    "cemetery": 3.866634890437126,
    "moat-water": 9.38362404704094,
    "ruin": 12.35705241560936,
    "temple-asia": 7.343688607215881
}