{
    "castle": 6.640831381082535,
    "japanese_garden": 4.4138360768556595,
    "moat-water": 13.562627136707306,
    "ruin": 20.063847303390503,
    "temple-asia": 9.237272292375565
}