{
    "castle": 7.58466050028801,
    "kasbah": 3.912239894270897,
    "moat-water": 11.080244928598404,
    "ruin": 21.322400867938995,
    "temple-asia": 6.841721385717392
}