{
    "castle": 7.584647834300995,
    "kasbah": 3.9121732115745544,
    "moat-water": 11.080226302146912,
    "ruin": 21.322689950466156,
    "temple-asia": 6.841710954904556
}