{
    "fishpond": 4.852141439914703,
    "japanese_garden": 16.370809078216553,
    "moat-water": 12.808974087238312,
    "pond": 10.040847957134247,
    "swamp": 4.7309983521699905
}