{
    "castle": 7.053285092115402,
    "japanese_garden": 6.281248480081558,
    "moat-water": 7.0403024554252625,
    "ruin": 16.68364256620407,
    "temple-asia": 8.95853266119957
}