{
    "japanese_garden": 6.285955756902695,
    "moat-water": 8.98376852273941,
    "pond": 4.98635321855545,
    "ruin": 9.777788817882538,
    "swamp": 3.795125335454941
}