{
    "castle": 7.584623992443085,
    "kasbah": 3.91228049993515,
    "moat-water": 11.080191284418106,
    "ruin": 21.322622895240784,
    "temple-asia": 6.8416886031627655
}