{
    "castle": 6.002398952841759,
    "moat-water": 13.045887649059296,
    "pagoda": 2.869301661849022,
    "ruin": 16.40132963657379,
    "temple-asia": 9.235616773366928
}