{
    "japanese_garden": 13.358961045742035,
    "mausoleum": 3.546367958188057,
    "moat-water": 7.4545808136463165,
    "ruin": 17.226295173168182,
    "temple-asia": 9.546418488025665
}