{
    "castle": 7.600250840187073,
    "cemetery": 3.866605833172798,
    "moat-water": 9.383624792098999,
    "ruin": 12.357147783041,
    "temple-asia": 7.343689352273941
}