{
    "aqueduct": 42.56031811237335,
    "castle": 4.206204786896706,
    "kasbah": 20.45309543609619,
    "mausoleum": 3.6693330854177475,
    "ruin": 14.844182133674622
}