{
    "castle": 8.736348897218704,
    "church-outdoor": 6.517763435840607,
    "kasbah": 40.79383313655853,
    "mausoleum": 6.561319530010223,
    "ruin": 12.521882355213165
}