{
    "aqueduct": 15.37168025970459,
    "castle": 11.888105422258377,
    "church-outdoor": 2.351575344800949,
    "kasbah": 46.17231786251068,
    "ruin": 13.127648830413818
}