{
    "aqueduct": 25.959935784339905,
    "castle": 4.08458337187767,
    "kasbah": 20.928578078746796,
    "mausoleum": 2.067188359797001,
    "ruin": 37.570300698280334
}