{
    "aqueduct": 19.37771588563919,
    "arch": 2.8988024219870567,
    "castle": 4.347967356443405,
    "kasbah": 35.45719087123871,
    "ruin": 21.81655913591385
}