{
    "aqueduct": 19.37757581472397,
    "arch": 2.898825705051422,
    "castle": 4.3480683118104935,
    "kasbah": 35.456931591033936,
    "ruin": 21.816734969615936
}