{
    "aqueduct": 11.056674271821976,
    "kasbah": 51.78426504135132,
    "mausoleum": 4.366446286439896,
    "medina": 4.091176390647888,
    "ruin": 10.222319513559341
}