{
    "aqueduct": 19.37803477048874,
    "arch": 2.8988059610128403,
    "castle": 4.348038882017136,
    "kasbah": 35.456690192222595,
    "ruin": 21.81658297777176
}