{
    "aqueduct": 15.788525342941284,
    "arch": 13.14769834280014,
    "kasbah": 13.821204006671906,
    "mausoleum": 8.746568858623505,
    "museum-outdoor": 7.507065683603287
}