{
    "aqueduct": 41.41234755516052,
    "arch": 7.368674874305725,
    "castle": 6.557136029005051,
    "church-outdoor": 6.558787077665329,
    "kasbah": 12.331172078847885
}