{
    "aqueduct": 8.553384244441986,
    "castle": 5.966397374868393,
    "church-outdoor": 4.788140207529068,
    "kasbah": 46.25326991081238,
    "ruin": 13.072039186954498
}