{
    "aqueduct": 8.553199470043182,
    "castle": 5.9663597494363785,
    "church-outdoor": 4.7881100326776505,
    "kasbah": 46.25368416309357,
    "ruin": 13.071955740451813
}