{
    "bedroom": 8.220665901899338,
    "childs_room": 15.675844252109528,
    "living_room": 7.435654103755951,
    "nursery": 12.573236227035522,
    "playroom": 6.962431967258453
}