{
    "alcove": 6.336009502410889,
    "bathroom": 6.369549036026001,
    "childs_room": 17.37775206565857,
    "nursery": 24.62914288043976,
    "playroom": 11.363094300031662
}