{
    "bedroom": 2.1861515939235687,
    "childs_room": 39.48642313480377,
    "nursery": 34.763795137405396,
    "playroom": 12.927994132041931,
    "youth_hostel": 1.2899070978164673
}