{
    "alcove": 7.105007767677307,
    "childs_room": 13.395576179027557,
    "nursery": 12.505307793617249,
    "playroom": 12.729595601558685,
    "waiting_room": 8.40810239315033
}