{
    "childs_room": 16.683271527290344,
    "dorm_room": 14.477215707302094,
    "nursery": 19.79374587535858,
    "playroom": 9.409873187541962,
    "youth_hostel": 7.507129013538361
}