{
    "alcove": 6.3359372317790985,
    "bathroom": 6.369476020336151,
    "childs_room": 17.378084361553192,
    "nursery": 24.628861248493195,
    "playroom": 11.363311856985092
}