{
    "alcove": 7.104989141225815,
    "childs_room": 13.395540416240692,
    "nursery": 12.505464255809784,
    "playroom": 12.72956132888794,
    "waiting_room": 8.408208191394806
}