{
    "alcove": 7.104934006929398,
    "childs_room": 13.395439088344574,
    "nursery": 12.505561113357544,
    "playroom": 12.729659676551819,
    "waiting_room": 8.408144116401672
}