{
    "alcove": 5.311869829893112,
    "bedroom": 5.334938317537308,
    "childs_room": 32.19368755817413,
    "dorm_room": 6.983546167612076,
    "nursery": 23.453526198863983
}