{
    "alcove": 2.9164301231503487,
    "childs_room": 31.27335011959076,
    "dorm_room": 2.6691297069191933,
    "nursery": 25.278443098068237,
    "playroom": 13.89378011226654
}