{
    "alcove": 3.13834510743618,
    "childs_room": 19.00506764650345,
    "dorm_room": 2.5832656770944595,
    "nursery": 49.701741337776184,
    "playroom": 6.835557520389557
}