{
    "alcove": 5.901465192437172,
    "childs_room": 27.888792753219604,
    "nursery": 33.01079273223877,
    "playroom": 4.979817196726799,
    "youth_hostel": 4.755039140582085
}