{
    "construction_site": 2.0371347665786743,
    "fountain": 2.058601938188076,
    "landfill": 2.160196006298065,
    "playground": 2.730998955667019,
    "slum": 2.860316075384617
}