{
    "amphitheater": 4.907445982098579,
    "archaelogical_excavation": 6.814040988683701,
    "ruin": 31.613996624946594,
    "slum": 12.429337948560715,
    "temple-asia": 4.825505614280701
}