{
    "bazaar-indoor": 5.881987139582634,
    "bazaar-outdoor": 17.211002111434937,
    "ruin": 12.296020239591599,
    "slum": 7.123778015375137,
    "temple-asia": 4.411930218338966
}