{
    "amphitheater": 4.150475561618805,
    "archaelogical_excavation": 3.4426510334014893,
    "kasbah": 5.397240445017815,
    "ruin": 44.142693281173706,
    "slum": 17.497503757476807
}