{
    "amphitheater": 5.114801600575447,
    "kasbah": 6.561776250600815,
    "ruin": 46.841105818748474,
    "slum": 8.938144892454147,
    "village": 3.790861740708351
}