{
    "bazaar-indoor": 6.815841794013977,
    "bazaar-outdoor": 15.242181718349457,
    "flea_market-indoor": 4.872697591781616,
    "ruin": 5.493379756808281,
    "slum": 21.276777982711792
}