{
    "archaelogical_excavation": 3.698970749974251,
    "bazaar-outdoor": 3.1114252284169197,
    "ruin": 54.74260449409485,
    "slum": 5.862433090806007,
    "temple-asia": 3.9604011923074722
}