{
    "bazaar-indoor": 6.815873831510544,
    "bazaar-outdoor": 15.242253243923187,
    "flea_market-indoor": 4.872646182775497,
    "ruin": 5.49340546131134,
    "slum": 21.276715397834778
}