{
    "bazaar-indoor": 2.81627643853426,
    "bazaar-outdoor": 15.952493250370026,
    "market-outdoor": 4.9119312316179276,
    "ruin": 7.584334909915924,
    "slum": 30.791258811950684
}