{
    "bazaar-indoor": 5.882124230265617,
    "bazaar-outdoor": 17.211008071899414,
    "ruin": 12.295930832624435,
    "slum": 7.1237266063690186,
    "temple-asia": 4.41189780831337
}