{
    "bazaar-indoor": 5.881975591182709,
    "bazaar-outdoor": 17.21096783876419,
    "ruin": 12.29608878493309,
    "slum": 7.123709470033646,
    "temple-asia": 4.411887750029564
}