{
    "archaelogical_excavation": 5.898952484130859,
    "bazaar-outdoor": 3.2571393996477127,
    "kasbah": 3.248552605509758,
    "ruin": 28.49905490875244,
    "slum": 34.96869206428528
}