{
    "arcade": 18.3214470744133,
    "entrance_hall": 7.219863682985306,
    "jail_cell": 6.145818531513214,
    "library-indoor": 3.967978060245514,
    "lobby": 5.116955190896988
}