{
    "elevator_lobby": 2.2679761052131653,
    "lobby": 3.2103870064020157,
    "mezzanine": 2.6043372228741646,
    "recreation_room": 2.612227573990822,
    "ticket_booth": 2.1088071167469025
}