{
    "arcade": 18.321365118026733,
    "entrance_hall": 7.220051437616348,
    "jail_cell": 6.1457909643650055,
    "library-indoor": 3.9680209010839462,
    "lobby": 5.116893723607063
}