{
    "arcade": 5.24386391043663,
    "atrium-public": 5.010414868593216,
    "entrance_hall": 11.38777881860733,
    "library-indoor": 8.355411142110825,
    "mezzanine": 4.878206551074982
}