{
    "arcade": 18.321287631988525,
    "entrance_hall": 7.219966500997543,
    "jail_cell": 6.145905703306198,
    "library-indoor": 3.9679739624261856,
    "lobby": 5.116910487413406
}