{
    "alley": 5.067865177989006,
    "arcade": 18.356211483478546,
    "atrium-public": 3.7109840661287308,
    "library-indoor": 16.923311352729797,
    "lobby": 3.499016910791397
}