{
    "arcade": 8.79063531756401,
    "church-indoor": 3.5651221871376038,
    "entrance_hall": 4.336037859320641,
    "library-indoor": 24.60002303123474,
    "lobby": 3.8174711167812347
}