{
    "alley": 12.107889354228973,
    "arcade": 17.914652824401855,
    "courtyard": 4.694543033838272,
    "entrance_hall": 11.00645661354065,
    "medina": 4.972898215055466
}