{
    "alley": 34.39597189426422,
    "arcade": 6.528225541114807,
    "courtyard": 5.105293914675713,
    "jail_cell": 3.2817717641592026,
    "medina": 9.849349409341812
}