{
    "alley": 5.067875236272812,
    "arcade": 18.35624873638153,
    "atrium-public": 3.7109915167093277,
    "library-indoor": 16.923215985298157,
    "lobby": 3.4989438951015472
}