{
    "arcade": 6.402945518493652,
    "atrium-public": 8.033788204193115,
    "courtyard": 3.8939964026212692,
    "entrance_hall": 15.884239971637726,
    "lobby": 7.2344280779361725
}