{
    "arcade": 13.429310917854309,
    "church-indoor": 4.502513259649277,
    "courtyard": 5.994011461734772,
    "library-indoor": 4.91023026406765,
    "medina": 4.414281249046326
}