{
    "mountain": 11.784674972295761,
    "mountain_snowy": 20.79509049654007,
    "valley": 7.792344689369202,
    "village": 9.768423438072205,
    "volcano": 9.936875104904175
}