{
    "mountain": 8.724738657474518,
    "mountain_snowy": 8.343898504972458,
    "valley": 5.251361429691315,
    "village": 47.23895788192749,
    "volcano": 3.692089021205902
}