{
    "mountain": 13.77631425857544,
    "mountain_snowy": 7.305500656366348,
    "valley": 9.87844318151474,
    "village": 27.581191062927246,
    "volcano": 5.243360251188278
}