{
    "canyon": 3.320198878645897,
    "mountain": 9.250549226999283,
    "mountain_snowy": 3.3148840069770813,
    "valley": 8.032295852899551,
    "village": 38.108280301094055
}