{
    "mountain": 5.825798213481903,
    "mountain_snowy": 6.732004880905151,
    "valley": 3.1897421926259995,
    "village": 59.24568772315979,
    "volcano": 3.927342966198921
}