{
    "mountain": 5.825674906373024,
    "mountain_snowy": 6.73186257481575,
    "valley": 3.1896747648715973,
    "village": 59.2462420463562,
    "volcano": 3.927439823746681
}