{
    "canyon": 4.766407608985901,
    "mountain": 8.033611625432968,
    "mountain_snowy": 7.673743367195129,
    "valley": 5.172228813171387,
    "village": 48.983341455459595
}