{
    "mountain": 8.724712580442429,
    "mountain_snowy": 8.343745768070221,
    "valley": 5.251265317201614,
    "village": 47.23953604698181,
    "volcano": 3.6920778453350067
}