{
    "canyon": 4.45229597389698,
    "mountain": 8.552023768424988,
    "mountain_snowy": 4.913900047540665,
    "valley": 7.974100112915039,
    "village": 42.13309288024902
}