{
    "mountain": 12.17571273446083,
    "mountain_snowy": 3.940349444746971,
    "valley": 7.497462630271912,
    "village": 38.07264268398285,
    "volcano": 6.239941716194153
}