{
    "mountain": 8.72495323419571,
    "mountain_snowy": 8.34372192621231,
    "valley": 5.2512504160404205,
    "village": 47.23939895629883,
    "volcano": 3.6920107901096344
}