{
    "mountain": 10.46377494931221,
    "mountain_snowy": 11.03358194231987,
    "valley": 7.676458358764648,
    "village": 36.054831743240356,
    "volcano": 6.2995173037052155
}