{
    "gazebo-exterior": 1.2700027786195278,
    "mausoleum": 1.8362350761890411,
    "pagoda": 52.188509702682495,
    "palace": 0.48487517051398754,
    "temple-asia": 40.49557149410248
}