{
    "gazebo-exterior": 2.694798819720745,
    "mausoleum": 4.2030248790979385,
    "pagoda": 25.200551748275757,
    "ruin": 0.6959999911487103,
    "temple-asia": 61.48138642311096
}