{
    "gazebo-exterior": 1.1091171763837337,
    "mausoleum": 0.23755417205393314,
    "pagoda": 56.588178873062134,
    "pavilion": 0.3003011690452695,
    "temple-asia": 40.834882855415344
}