{
    "mausoleum": 6.2147106975317,
    "pagoda": 31.787818670272827,
    "palace": 1.9424749538302422,
    "ruin": 1.7673082649707794,
    "temple-asia": 50.65128207206726
}