{
    "gazebo-exterior": 0.6266262382268906,
    "mausoleum": 1.4002584852278233,
    "pagoda": 43.7970370054245,
    "ruin": 0.320344977080822,
    "temple-asia": 51.99320912361145
}