{
    "gazebo-exterior": 1.0208841413259506,
    "mausoleum": 2.1155327558517456,
    "pagoda": 60.522836446762085,
    "pavilion": 0.4691454116255045,
    "temple-asia": 31.363877654075623
}