{
    "gazebo-exterior": 0.7644013036042452,
    "mausoleum": 1.284376997500658,
    "pagoda": 56.35100603103638,
    "palace": 0.30031835194677114,
    "temple-asia": 38.68101239204407
}