{
    "gazebo-exterior": 0.7644036319106817,
    "mausoleum": 1.2843809090554714,
    "pagoda": 56.35203719139099,
    "palace": 0.3003192599862814,
    "temple-asia": 38.67994844913483
}