{
    "mausoleum": 3.5444464534521103,
    "museum-outdoor": 0.5416087340563536,
    "pagoda": 48.84229898452759,
    "palace": 1.0716747492551804,
    "temple-asia": 40.99400341510773
}