{
    "gazebo-exterior": 0.7644106168299913,
    "mausoleum": 1.2843729928135872,
    "pagoda": 56.351691484451294,
    "palace": 0.30032198410481215,
    "temple-asia": 38.68030607700348
}