{
    "gazebo-exterior": 0.9766694158315659,
    "japanese_garden": 0.4596174694597721,
    "mausoleum": 0.46348394826054573,
    "pagoda": 63.97298574447632,
    "temple-asia": 32.03440308570862
}