{
    "gazebo-exterior": 1.109083741903305,
    "mausoleum": 0.23755058646202087,
    "pagoda": 56.588196754455566,
    "pavilion": 0.300292088650167,
    "temple-asia": 40.8348947763443
}