{
    "park": 3.79687137901783,
    "sandbox": 35.2316677570343,
    "soccer_field": 4.144040495157242,
    "volleyball_court-outdoor": 12.612174451351166,
    "water_park": 3.8357704877853394
}