{
    "archaelogical_excavation": 2.56746094673872,
    "park": 2.4288399145007133,
    "playground": 2.4185769259929657,
    "sandbox": 71.68861031532288,
    "volleyball_court-outdoor": 3.7693873047828674
}