{
    "park": 3.796793147921562,
    "sandbox": 35.23174822330475,
    "soccer_field": 4.144018515944481,
    "volleyball_court-outdoor": 12.612204253673553,
    "water_park": 3.83572056889534
}