{
    "archaelogical_excavation": 4.455365240573883,
    "sandbox": 37.30773329734802,
    "soccer_field": 3.4586619585752487,
    "volleyball_court-outdoor": 15.518040955066681,
    "water_park": 4.1376132518053055
}