{
    "athletic_field-outdoor": 7.576946169137955,
    "cemetery": 6.521627306938171,
    "park": 7.703549414873123,
    "sandbox": 7.601089775562286,
    "soccer_field": 12.769116461277008
}