{
    "archaelogical_excavation": 4.37517948448658,
    "playground": 1.9294984638690948,
    "sandbox": 55.83468675613403,
    "volleyball_court-outdoor": 4.344278946518898,
    "zen_garden": 3.051968291401863
}