{
    "bullring": 1.8803054466843605,
    "playground": 1.5588519163429737,
    "sandbox": 40.16223847866058,
    "volleyball_court-outdoor": 26.128283143043518,
    "water_park": 14.485664665699005
}