{
    "archaelogical_excavation": 7.455147802829742,
    "park": 2.872023731470108,
    "picnic_area": 2.699808031320572,
    "sandbox": 63.08572292327881,
    "volleyball_court-outdoor": 2.907075546681881
}