{
    "amphitheater": 3.8146883249282837,
    "archaelogical_excavation": 6.37262836098671,
    "sandbox": 35.607993602752686,
    "volleyball_court-outdoor": 19.069039821624756,
    "water_park": 3.631928563117981
}