{
    "park": 8.614565432071686,
    "playground": 5.76702244579792,
    "sandbox": 21.287932991981506,
    "soccer_field": 5.089884251356125,
    "volleyball_court-outdoor": 9.71040278673172
}