{
    "athletic_field-outdoor": 7.576844096183777,
    "cemetery": 6.5216392278671265,
    "park": 7.703563570976257,
    "sandbox": 7.6009877026081085,
    "soccer_field": 12.769334018230438
}