{
    "athletic_field-outdoor": 7.576926797628403,
    "cemetery": 6.521759927272797,
    "park": 7.703647017478943,
    "sandbox": 7.60112851858139,
    "soccer_field": 12.768791615962982
}