{
    "balcony-exterior": 3.400934487581253,
    "driveway": 3.0734729021787643,
    "garage-outdoor": 24.070018529891968,
    "house": 4.79850172996521,
    "manufactured_home": 25.896358489990234
}