{
    "alley": 4.051404073834419,
    "arcade": 18.59523504972458,
    "bazaar-indoor": 5.847412347793579,
    "bazaar-outdoor": 3.815186768770218,
    "medina": 4.265543073415756
}