{
    "alley": 5.4228708148002625,
    "arcade": 7.712923735380173,
    "courtyard": 9.994219243526459,
    "medina": 8.462269604206085,
    "plaza": 4.330587014555931
}