{
    "building_facade": 4.471412673592567,
    "courtyard": 5.613459274172783,
    "embassy": 3.8496021181344986,
    "palace": 3.6227457225322723,
    "plaza": 4.95011992752552
}