{
    "arcade": 4.077628999948502,
    "bookstore": 2.3253312334418297,
    "courtyard": 2.8313949704170227,
    "library-indoor": 2.2543558850884438,
    "plaza": 2.4201029911637306
}