{
    "alley": 9.967950731515884,
    "arcade": 14.712132513523102,
    "bazaar-indoor": 6.624501943588257,
    "bazaar-outdoor": 5.063086748123169,
    "street": 8.643605560064316
}