{
    "balcony-exterior": 2.014080062508583,
    "hotel-outdoor": 1.6874484717845917,
    "inn-outdoor": 2.07759365439415,
    "library-outdoor": 2.4253051728010178,
    "ticket_booth": 1.6081061214208603
}