{
    "arcade": 3.3586572855710983,
    "church-indoor": 2.58477795869112,
    "courtyard": 2.637830004096031,
    "plaza": 2.8115350753068924,
    "throne_room": 4.037952795624733
}