{
    "arcade": 10.804739594459534,
    "bazaar-indoor": 6.075817719101906,
    "church-indoor": 6.785773485898972,
    "entrance_hall": 5.085994675755501,
    "throne_room": 9.981625527143478
}