{
    "building_facade": 4.471494257450104,
    "courtyard": 5.613518878817558,
    "embassy": 3.849584609270096,
    "palace": 3.6227013915777206,
    "plaza": 4.950059577822685
}