{
    "arcade": 4.184877127408981,
    "courtyard": 4.600398242473602,
    "medina": 5.141991376876831,
    "plaza": 3.3131886273622513,
    "throne_room": 3.2054509967565536
}