{
    "building_facade": 4.4714439660310745,
    "courtyard": 5.613455548882484,
    "embassy": 3.8495995104312897,
    "palace": 3.6227159202098846,
    "plaza": 4.950078949332237
}