{
    "alley": 4.051390662789345,
    "arcade": 18.595032393932343,
    "bazaar-indoor": 5.847348645329475,
    "bazaar-outdoor": 3.815290704369545,
    "medina": 4.2655616998672485
}