{
    "alcove": 18.82055252790451,
    "basement": 4.591495171189308,
    "jail_cell": 6.568087637424469,
    "sauna": 3.384755924344063,
    "staircase": 3.495451807975769
}