{
    "alcove": 3.2285820692777634,
    "attic": 14.718908071517944,
    "basement": 9.130745381116867,
    "mezzanine": 5.539048835635185,
    "staircase": 12.162622809410095
}