{
    "alcove": 6.647126376628876,
    "attic": 9.646309167146683,
    "basement": 4.372715577483177,
    "jail_cell": 5.233775079250336,
    "staircase": 4.6327657997608185
}