{
    "alcove": 10.21435633301735,
    "attic": 7.178586721420288,
    "basement": 5.101616308093071,
    "entrance_hall": 7.14525580406189,
    "staircase": 8.356902003288269
}