{
    "alcove": 3.2285962253808975,
    "attic": 14.718860387802124,
    "basement": 9.13071557879448,
    "mezzanine": 5.538946017622948,
    "staircase": 12.16249167919159
}