{
    "alcove": 15.588875114917755,
    "attic": 14.000028371810913,
    "basement": 6.5955594182014465,
    "burial_chamber": 4.305422678589821,
    "staircase": 4.609152302145958
}