{
    "alcove": 6.346026062965393,
    "artists_loft": 4.088933393359184,
    "attic": 14.869202673435211,
    "entrance_hall": 11.915424466133118,
    "staircase": 8.778579533100128
}