{
    "alcove": 11.62540540099144,
    "dorm_room": 3.0613545328378677,
    "entrance_hall": 4.271823540329933,
    "living_room": 3.4763608127832413,
    "staircase": 2.870768867433071
}