{
    "alcove": 7.731688767671585,
    "attic": 11.008329689502716,
    "basement": 5.982295051217079,
    "jail_cell": 7.257766276597977,
    "staircase": 8.732123672962189
}