{
    "alcove": 6.647076457738876,
    "attic": 9.646310657262802,
    "basement": 4.372716322541237,
    "jail_cell": 5.233735963702202,
    "staircase": 4.632801562547684
}