{
    "alcove": 14.840999245643616,
    "basement": 4.187309741973877,
    "entrance_hall": 6.923539936542511,
    "sauna": 7.581660151481628,
    "staircase": 4.672529175877571
}