{
    "alcove": 3.228529542684555,
    "attic": 14.719118177890778,
    "basement": 9.130596369504929,
    "mezzanine": 5.53891621530056,
    "staircase": 12.16261088848114
}