{
    "lake-natural": 9.649643301963806,
    "marsh": 11.133904755115509,
    "river": 9.723026305437088,
    "swimming_hole": 6.999227404594421,
    "watering_hole": 15.430913865566254
}