{
    "lagoon": 6.837903708219528,
    "lake-natural": 10.282231122255325,
    "marsh": 10.589299350976944,
    "river": 7.660718262195587,
    "watering_hole": 15.509355068206787
}