{
    "lake-natural": 8.070886135101318,
    "marsh": 16.639791429042816,
    "pond": 6.480885297060013,
    "swimming_hole": 6.701216846704483,
    "watering_hole": 25.998136401176453
}