{
    "lake-natural": 7.524047791957855,
    "marsh": 7.857690006494522,
    "river": 9.27608534693718,
    "swimming_hole": 12.354527413845062,
    "watering_hole": 22.609664499759674
}