{
    "marsh": 12.573602795600891,
    "pond": 10.044761747121811,
    "river": 8.084443211555481,
    "swimming_hole": 14.507725834846497,
    "watering_hole": 20.56935578584671
}