{
    "lagoon": 6.837842613458633,
    "lake-natural": 10.282140225172043,
    "marsh": 10.589446127414703,
    "river": 7.660825550556183,
    "watering_hole": 15.509334206581116
}