{
    "lake-natural": 7.523918151855469,
    "marsh": 7.857673615217209,
    "river": 9.275995939970016,
    "swimming_hole": 12.354596704244614,
    "watering_hole": 22.609791159629822
}