{
    "lake-natural": 9.233161807060242,
    "marsh": 13.343361020088196,
    "pond": 7.142622023820877,
    "river": 7.646913081407547,
    "watering_hole": 11.41204982995987
}