{
    "lagoon": 6.837891787290573,
    "lake-natural": 10.282213985919952,
    "marsh": 10.589279234409332,
    "river": 7.660763710737228,
    "watering_hole": 15.509326756000519
}