{
    "lake-natural": 9.23299565911293,
    "marsh": 18.324916064739227,
    "swamp": 10.915541648864746,
    "swimming_hole": 9.797924757003784,
    "watering_hole": 16.910450160503387
}