{
    "lake-natural": 11.936230212450027,
    "marsh": 15.788224339485168,
    "pond": 7.580186426639557,
    "river": 8.024434745311737,
    "watering_hole": 15.039733052253723
}