{
    "lake-natural": 7.770975679159164,
    "marsh": 7.293420284986496,
    "river": 9.216582030057907,
    "swimming_hole": 15.34048318862915,
    "watering_hole": 10.53924709558487
}