{
    "cemetery": 6.425763666629791,
    "formal_garden": 3.5646535456180573,
    "ruin": 2.9405375942587852,
    "temple-asia": 3.1555548310279846,
    "topiary_garden": 3.273256868124008
}