{
    "badlands": 12.7801313996315,
    "butte": 17.714780569076538,
    "canyon": 32.18567669391632,
    "cliff": 4.87431138753891,
    "mountain": 8.313526213169098
}