{
    "amusement_park": 2.018890529870987,
    "botanical_garden": 2.136782743036747,
    "market-outdoor": 1.720365509390831,
    "slum": 1.7357643693685532,
    "toyshop": 1.7439013347029686
}