{
    "bazaar-outdoor": 3.1175991520285606,
    "market-outdoor": 3.2449573278427124,
    "plaza": 4.077081009745598,
    "ruin": 4.8102471977472305,
    "slum": 7.907465845346451
}