{
    "bazaar-outdoor": 3.516148030757904,
    "flea_market-indoor": 4.049007222056389,
    "market-outdoor": 2.8575176373124123,
    "plaza": 2.6848193258047104,
    "slum": 7.816404849290848
}