{
    "bazaar-indoor": 4.826395213603973,
    "bazaar-outdoor": 8.602502942085266,
    "plaza": 3.4028083086013794,
    "ruin": 4.348507896065712,
    "slum": 10.402201861143112
}