{
    "bazaar-indoor": 4.489468038082123,
    "bazaar-outdoor": 14.62056040763855,
    "flea_market-indoor": 14.641433954238892,
    "market-outdoor": 17.23307967185974,
    "slum": 6.397832930088043
}