{
    "bazaar-outdoor": 11.40056774020195,
    "beer_garden": 3.8740865886211395,
    "flea_market-indoor": 13.476471602916718,
    "market-outdoor": 21.050281822681427,
    "slum": 4.081717133522034
}