{
    "bazaar-indoor": 6.724334508180618,
    "bazaar-outdoor": 8.062417060136795,
    "flea_market-indoor": 9.269878268241882,
    "market-outdoor": 9.056523442268372,
    "slum": 7.097382843494415
}