{
    "bazaar-indoor": 5.075819045305252,
    "bazaar-outdoor": 9.65443029999733,
    "flea_market-indoor": 11.349260061979294,
    "market-outdoor": 14.55162912607193,
    "slum": 5.090595036745071
}