{
    "bazaar-outdoor": 3.5161148756742477,
    "flea_market-indoor": 4.049031063914299,
    "market-outdoor": 2.8575561940670013,
    "plaza": 2.684835158288479,
    "slum": 7.816509902477264
}