{
    "bazaar-outdoor": 3.516135737299919,
    "flea_market-indoor": 4.049054905772209,
    "market-outdoor": 2.8575951233506203,
    "plaza": 2.684810385107994,
    "slum": 7.816437631845474
}