{
    "bazaar-outdoor": 11.400685459375381,
    "beer_garden": 3.8740668445825577,
    "flea_market-indoor": 13.476711511611938,
    "market-outdoor": 21.050015091896057,
    "slum": 4.081665724515915
}