{
    "bazaar-outdoor": 7.463281601667404,
    "flea_market-indoor": 5.136913433670998,
    "landfill": 9.672582894563675,
    "market-outdoor": 5.595158040523529,
    "slum": 25.984305143356323
}