{
    "butte": 6.810172647237778,
    "canyon": 9.41740795969963,
    "mountain": 23.909887671470642,
    "valley": 9.108186513185501,
    "volcano": 11.415687203407288
}