epoch,loss,r50_class_categorical_accuracy,r50_class_loss,r50_class_top_k_categorical_accuracy,r50_color_loss,val_loss,val_r50_class_categorical_accuracy,val_r50_class_loss,val_r50_class_top_k_categorical_accuracy,val_r50_color_loss
0,3.6058942830191585,0.1976882164022854,3.603292475959484,0.46208058305830585,0.002601807071233803,3.7067679996440197,0.17681788224956063,3.7040641372777876,0.43884556239015815,0.002703859584847128
1,3.2136909927307045,0.2609767025089606,3.211327899608184,0.5563468141168956,0.0023630935030418175,3.9162662917574598,0.19274494727592267,3.913706972435614,0.45202658172231985,0.0025593169843319717
2,3.148549323866038,0.2751378464459349,3.146250343353636,0.5721331709783881,0.002298980373578701,3.6384469119861382,0.20205404217926187,3.6359049261978096,0.468667618629174,0.002541985176483199
