epoch,loss,val_loss,val_vgg_class_categorical_accuracy,val_vgg_class_loss,val_vgg_class_top_k_categorical_accuracy,val_vgg_color_loss,vgg_class_categorical_accuracy,vgg_class_loss,vgg_class_top_k_categorical_accuracy,vgg_color_loss
0,3.5416943644399805,2.954776009985059,0.2936036955384661,2.95226186814577,0.6012748659954109,0.002514138236171156,0.2056418375637268,3.539120985311047,0.4738973405089688,0.002573378945382216
1,3.125523015894817,2.7559207432583697,0.32912957649143704,2.7536073673136983,0.647378833074598,0.0023133761657569574,0.27369728205229993,3.1231786973634037,0.5737179073400103,0.0023443184623879983
