epoch,loss,val_loss,val_vgg_class_categorical_accuracy,val_vgg_class_loss,val_vgg_class_top_k_categorical_accuracy,val_vgg_color_loss,vgg_class_categorical_accuracy,vgg_class_loss,vgg_class_top_k_categorical_accuracy,vgg_color_loss
0,3.5416943644399805,2.954776009985059,0.2936036955384661,2.95226186814577,0.6012748659954109,0.002514138236171156,0.2056418375637268,3.539120985311047,0.4738973405089688,0.002573378945382216
1,3.125523015894817,2.7559207432583697,0.32912957649143704,2.7536073673136983,0.647378833074598,0.0023133761657569574,0.27369728205229993,3.1231786973634037,0.5737179073400103,0.0023443184623879983
2,3.050950317258977,2.738253589199983,0.3471810103612413,2.736000424794462,0.6612265085254295,0.0022531631987626663,0.28979138112328773,3.048663598766383,0.5919551136788945,0.002286718751293664
3,3.00735098648018,2.8855555287454533,0.3493790540818409,2.8833161798829967,0.6596054505523659,0.0022393502224776545,0.2988805962934021,3.0051022382974817,0.6018466772972653,0.0022487480676076257
