epoch,loss,val_loss,val_x_class_categorical_accuracy,val_x_class_loss,val_x_class_top_k_categorical_accuracy,val_x_color_loss,x_class_categorical_accuracy,x_class_loss,x_class_top_k_categorical_accuracy,x_color_loss
0,3.612579488133245,3.111576867648294,0.26688818101933215,3.1090899659795377,0.5676900263620387,0.002486900370694887,0.1962570753043046,3.6099970659576277,0.4609028443166897,0.0025824214954955496
