epoch,loss,val_loss,val_x_class_categorical_accuracy,val_x_class_loss,val_x_class_top_k_categorical_accuracy,val_x_color_loss,x_class_categorical_accuracy,x_class_loss,x_class_top_k_categorical_accuracy,x_color_loss
0,3.612579488133245,3.111576867648294,0.26688818101933215,3.1090899659795377,0.5676900263620387,0.002486900370694887,0.1962570753043046,3.6099970659576277,0.4609028443166897,0.0025824214954955496
1,3.2353149222838598,3.202036460380353,0.2801790421792619,3.1994094335341496,0.5768068980667839,0.0026270283674796704,0.2585818561694879,3.232959603325419,0.5513103729727812,0.0023553193029355814
2,3.158789368037314,3.060688008218742,0.29822056239015815,3.058098676753589,0.601164323374341,0.0025893327964613827,0.2730873389758331,3.1564936537448007,0.5689997427162071,0.0022957144256600497
