{
    "aqueduct": 24.241910874843597,
    "arch": 12.564544379711151,
    "castle": 6.266143172979355,
    "rock_arch": 12.898577749729156,
    "ruin": 21.56396061182022
}