{
    "aqueduct": 32.275018095970154,
    "arch": 9.20625925064087,
    "castle": 6.231464073061943,
    "rock_arch": 10.353470593690872,
    "ruin": 18.86037439107895
}