{
    "aqueduct": 25.49772560596466,
    "arch": 9.850940108299255,
    "castle": 6.166895106434822,
    "rock_arch": 13.44798356294632,
    "ruin": 23.13471883535385
}