{
    "arcade": 11.552546173334122,
    "arch": 6.216299533843994,
    "church-indoor": 22.920402884483337,
    "entrance_hall": 9.924116730690002,
    "throne_room": 10.96874326467514
}