{
    "arcade": 16.8625608086586,
    "arch": 8.806727826595306,
    "church-indoor": 17.61317551136017,
    "entrance_hall": 7.505230605602264,
    "throne_room": 10.597378760576248
}