{
    "arcade": 24.317719042301178,
    "arch": 9.509514272212982,
    "church-indoor": 13.628694415092468,
    "entrance_hall": 6.810475140810013,
    "throne_room": 6.252752989530563
}