{
    "arcade": 11.09159141778946,
    "arch": 4.34953011572361,
    "church-indoor": 23.03840070962906,
    "entrance_hall": 9.342476725578308,
    "throne_room": 14.355291426181793
}