{
    "arcade": 21.569812297821045,
    "arch": 9.212367236614227,
    "church-indoor": 10.51340401172638,
    "courtyard": 7.58182480931282,
    "entrance_hall": 7.736344635486603
}