{
    "arcade": 18.606430292129517,
    "arch": 8.358295261859894,
    "church-indoor": 14.085611701011658,
    "entrance_hall": 6.912374496459961,
    "throne_room": 15.022365748882294
}