{
    "arcade": 15.014977753162384,
    "arch": 5.990256369113922,
    "church-indoor": 9.519579261541367,
    "courtyard": 5.819488689303398,
    "entrance_hall": 8.948828279972076
}