{
    "arcade": 16.9206902384758,
    "arch": 9.523506462574005,
    "church-indoor": 14.953207969665527,
    "entrance_hall": 10.543242841959,
    "throne_room": 8.779366314411163
}