{
    "arcade": 12.029517441987991,
    "arch": 10.37820652127266,
    "church-indoor": 21.92058116197586,
    "entrance_hall": 6.939030438661575,
    "throne_room": 10.915344953536987
}