{
    "arcade": 20.05915343761444,
    "arch": 4.114062711596489,
    "church-indoor": 16.142868995666504,
    "entrance_hall": 5.302001908421516,
    "throne_room": 10.219328105449677
}