{
    "arcade": 12.498153746128082,
    "arch": 4.702790454030037,
    "church-indoor": 21.30683958530426,
    "entrance_hall": 10.246585309505463,
    "throne_room": 18.49704086780548
}