{
    "arcade": 11.55262291431427,
    "arch": 6.2163036316633224,
    "church-indoor": 22.92010486125946,
    "entrance_hall": 9.92414802312851,
    "throne_room": 10.968858003616333
}