{
    "arcade": 22.348611056804657,
    "arch": 3.944632038474083,
    "church-indoor": 17.115981876850128,
    "entrance_hall": 8.790325373411179,
    "throne_room": 13.844883441925049
}