{
    "arcade": 15.242363512516022,
    "arch": 5.485832691192627,
    "church-indoor": 17.230629920959473,
    "entrance_hall": 11.77186667919159,
    "throne_room": 11.970168352127075
}