{
    "amusement_arcade": 9.245466440916061,
    "bank_vault": 3.2470185309648514,
    "phone_booth": 5.6395117193460464,
    "physics_laboratory": 3.062911704182625,
    "ticket_booth": 3.9644740521907806
}