{
    "amusement_arcade": 3.687756136059761,
    "bank_vault": 13.543900847434998,
    "phone_booth": 5.547695606946945,
    "server_room": 6.895284354686737,
    "ticket_booth": 4.180602729320526
}