{
    "amusement_arcade": 5.23606464266777,
    "bank_vault": 3.9840038865804672,
    "phone_booth": 5.347626656293869,
    "server_room": 3.0730104073882103,
    "ticket_booth": 3.5033799707889557
}