{
    "amusement_arcade": 8.78925770521164,
    "bank_vault": 8.96993950009346,
    "doorway-outdoor": 3.7743158638477325,
    "phone_booth": 5.359836667776108,
    "server_room": 3.5774096846580505
}