{
    "amusement_arcade": 2.7404502034187317,
    "bank_vault": 11.95349246263504,
    "elevator-door": 4.151905328035355,
    "server_room": 6.311306357383728,
    "ticket_booth": 5.0413526594638824
}