{
    "bank_vault": 13.067582249641418,
    "elevator-door": 2.9748568311333656,
    "phone_booth": 3.1666867434978485,
    "server_room": 6.926298141479492,
    "ticket_booth": 3.6180496215820312
}