{
    "bank_vault": 12.875315546989441,
    "gas_station": 3.9653073996305466,
    "phone_booth": 3.9851367473602295,
    "server_room": 6.667888909578323,
    "ticket_booth": 3.94701287150383
}