{
    "amusement_arcade": 2.161872759461403,
    "bank_vault": 20.765185356140137,
    "doorway-outdoor": 2.1834494546055794,
    "elevator-door": 2.793177030980587,
    "server_room": 11.74357533454895
}