{
    "amusement_arcade": 5.230959504842758,
    "bank_vault": 3.7508077919483185,
    "phone_booth": 3.4602388739585876,
    "server_room": 3.191900998353958,
    "ticket_booth": 3.8662120699882507
}