{
    "bank_vault": 15.034399926662445,
    "doorway-outdoor": 5.492313578724861,
    "elevator-door": 6.593428552150726,
    "phone_booth": 7.325683534145355,
    "server_room": 5.881110206246376
}