{
    "bank_vault": 15.034310519695282,
    "doorway-outdoor": 5.492270737886429,
    "elevator-door": 6.593376398086548,
    "phone_booth": 7.32564851641655,
    "server_room": 5.881071835756302
}