{
    "bank_vault": 14.24376368522644,
    "elevator-door": 4.187377542257309,
    "phone_booth": 6.907694041728973,
    "server_room": 6.8275585770606995,
    "ticket_booth": 4.879086464643478
}