{
    "amusement_arcade": 9.571962058544159,
    "bank_vault": 5.355489999055862,
    "museum-indoor": 2.204333618283272,
    "phone_booth": 5.315111950039864,
    "ticket_booth": 2.381420321762562
}