{
    "arena-hockey": 29.272040724754333,
    "auto_showroom": 4.353929311037064,
    "car_interior": 4.3450381606817245,
    "phone_booth": 3.9531059563159943,
    "ticket_booth": 5.450692027807236
}