{
    "balcony-exterior": 6.600899249315262,
    "campus": 5.559682846069336,
    "courtyard": 6.683401018381119,
    "hospital": 4.9222201108932495,
    "roof_garden": 6.047126278281212
}