{
    "balcony-exterior": 5.51316924393177,
    "campus": 5.309934914112091,
    "courtyard": 6.028777360916138,
    "hospital": 4.900607466697693,
    "roof_garden": 7.759968936443329
}