{
    "balcony-exterior": 5.493573471903801,
    "campus": 5.362848937511444,
    "courtyard": 5.6875079870224,
    "hospital": 6.692476570606232,
    "roof_garden": 7.968094199895859
}