{
    "badlands": 4.379370808601379,
    "butte": 24.69515949487686,
    "desert-sand": 7.434355467557907,
    "rock_arch": 4.339456558227539,
    "ruin": 10.334032773971558
}