{
    "butte": 29.960712790489197,
    "desert-sand": 7.742287218570709,
    "kasbah": 3.9875611662864685,
    "rock_arch": 3.711327537894249,
    "ruin": 10.688204318284988
}