{
    "butte": 29.669108986854553,
    "desert-sand": 13.150514662265778,
    "kasbah": 3.2954171299934387,
    "rock_arch": 3.7216652184724808,
    "ruin": 10.292304307222366
}