{
    "arena-rodeo": 59.75959300994873,
    "bullring": 4.098794981837273,
    "corral": 20.538388192653656,
    "racecourse": 15.009978413581848,
    "stable": 0.29583326540887356
}