{
    "arena-rodeo": 56.06284737586975,
    "bullring": 1.5813658013939857,
    "corral": 30.54870367050171,
    "racecourse": 10.905273258686066,
    "stable": 0.3936290740966797
}