{
    "arena-rodeo": 44.89182233810425,
    "bullring": 1.9818544387817383,
    "corral": 29.782015085220337,
    "racecourse": 20.571699738502502,
    "stable": 1.1991123668849468
}