{
    "arena-rodeo": 70.61253786087036,
    "bullring": 8.216248452663422,
    "corral": 17.066633701324463,
    "racecourse": 3.7972819060087204,
    "stable": 0.1257153577171266
}