{
    "arena-rodeo": 55.14192581176758,
    "bullring": 1.7243970185518265,
    "corral": 40.43602645397186,
    "racecourse": 1.6287719830870628,
    "stable": 0.5578214302659035
}