{
    "arena-rodeo": 78.34219932556152,
    "bullring": 8.108285814523697,
    "corral": 12.297599017620087,
    "racecourse": 0.9581675752997398,
    "stable": 0.09554947610013187
}