{
    "arena-rodeo": 53.33927273750305,
    "bullring": 3.0302122235298157,
    "corral": 22.20882773399353,
    "racecourse": 20.781734585762024,
    "stable": 0.20575651433318853
}