{
    "arena-rodeo": 53.286659717559814,
    "bullring": 3.074333630502224,
    "corral": 18.360742926597595,
    "racecourse": 24.669381976127625,
    "stable": 0.17127232858911157
}