{
    "arena-rodeo": 47.76151776313782,
    "bullring": 1.124838087707758,
    "corral": 41.40222668647766,
    "racecourse": 9.17082279920578,
    "stable": 0.36288329865783453
}