{
    "arena-rodeo": 41.59303307533264,
    "bullring": 3.1754247844219208,
    "corral": 24.750277400016785,
    "racecourse": 29.836922883987427,
    "stable": 0.2027530688792467
}