{
    "arena-rodeo": 56.78219795227051,
    "bullring": 1.1757906526327133,
    "corral": 26.970672607421875,
    "racecourse": 14.834253489971161,
    "stable": 0.18191435374319553
}