{
    "arena-rodeo": 56.781649589538574,
    "bullring": 1.1757751926779747,
    "corral": 26.971200108528137,
    "racecourse": 14.834293723106384,
    "stable": 0.1819080556742847
}