{
    "arena-rodeo": 53.275156021118164,
    "bullring": 3.408774361014366,
    "corral": 15.526577830314636,
    "racecourse": 27.407652139663696,
    "stable": 0.21675440948456526
}