{
    "arena-rodeo": 44.967129826545715,
    "bullring": 4.198436439037323,
    "corral": 23.138056695461273,
    "racecourse": 27.00638473033905,
    "stable": 0.19336919067427516
}