{
    "badlands": 15.692214667797089,
    "butte": 6.851722300052643,
    "hayfield": 8.53007659316063,
    "rice_paddy": 5.387961491942406,
    "wheat_field": 5.057159066200256
}