{
    "badlands": 14.36319500207901,
    "butte": 6.649015843868256,
    "hayfield": 9.90232229232788,
    "tundra": 4.123036935925484,
    "valley": 4.75366897881031
}