{
    "badlands": 17.01943129301071,
    "butte": 7.017896324396133,
    "hayfield": 7.5240254402160645,
    "valley": 4.037947580218315,
    "wheat_field": 8.205819129943848
}