{
    "desert-vegetation": 76.37612819671631,
    "desert_road": 1.2083875946700573,
    "mountain_path": 2.2258058190345764,
    "tree_farm": 2.163742482662201,
    "vineyard": 1.1346395127475262
}