{
    "desert-vegetation": 67.65736937522888,
    "mountain": 1.363921258598566,
    "mountain_path": 2.9798276722431183,
    "tree_farm": 3.4147679805755615,
    "valley": 1.94964949041605
}