{
    "desert-vegetation": 56.53769373893738,
    "mountain_path": 1.8840445205569267,
    "orchard": 3.41278538107872,
    "tree_farm": 8.119060099124908,
    "vineyard": 4.431171715259552
}