{
    "botanical_garden": 14.160841703414917,
    "fishpond": 11.812597513198853,
    "florist_shop-indoor": 19.36536282300949,
    "landfill": 3.9326224476099014,
    "vegetable_garden": 17.47303605079651
}