{
    "botanical_garden": 13.316909968852997,
    "fishpond": 11.670761555433273,
    "florist_shop-indoor": 25.625860691070557,
    "orchard": 4.452027007937431,
    "vegetable_garden": 12.886731326580048
}