{
    "botanical_garden": 13.012649118900299,
    "fishpond": 12.759847939014435,
    "florist_shop-indoor": 23.259787261486053,
    "landfill": 3.7924394011497498,
    "vegetable_garden": 15.046083927154541
}