{
    "bamboo_forest": 2.917872369289398,
    "forest-broadleaf": 55.04353046417236,
    "forest_path": 18.789903819561005,
    "rainforest": 8.0697201192379,
    "swamp": 2.204049378633499
}