{
    "bamboo_forest": 3.4493502229452133,
    "forest-broadleaf": 55.012404918670654,
    "forest_path": 17.339299619197845,
    "rainforest": 8.595115691423416,
    "swamp": 2.6189325377345085
}