{
    "creek": 4.231244325637817,
    "forest-broadleaf": 34.49469804763794,
    "forest_path": 17.826956510543823,
    "rainforest": 11.089794337749481,
    "swamp": 3.655276820063591
}