{
    "bamboo_forest": 6.347987055778503,
    "forest-broadleaf": 56.21972680091858,
    "forest_path": 16.566434502601624,
    "rainforest": 8.598019927740097,
    "swamp": 3.1494788825511932
}