{
    "creek": 3.8766399025917053,
    "forest-broadleaf": 31.4447820186615,
    "forest_path": 23.88887107372284,
    "rainforest": 11.981131881475449,
    "swamp": 2.903260290622711
}