{
    "bamboo_forest": 2.6838187128305435,
    "forest-broadleaf": 55.692023038864136,
    "forest_path": 14.72504734992981,
    "rainforest": 12.58738785982132,
    "swamp": 2.573543041944504
}