{
    "creek": 4.107154533267021,
    "forest-broadleaf": 31.37662410736084,
    "forest_path": 23.30069988965988,
    "rainforest": 9.60066020488739,
    "swamp": 4.497232660651207
}