{
    "canyon": 3.4981656819581985,
    "creek": 3.174096718430519,
    "forest-broadleaf": 33.656662702560425,
    "forest_path": 22.260284423828125,
    "rainforest": 9.88028198480606
}