{
    "creek": 2.993983030319214,
    "forest-broadleaf": 27.26597785949707,
    "forest_path": 24.435755610466003,
    "mountain_path": 3.0915843322873116,
    "rainforest": 10.906682908535004
}