{
    "bamboo_forest": 2.2991642355918884,
    "forest-broadleaf": 55.759429931640625,
    "forest_path": 15.021973848342896,
    "rainforest": 11.278607696294785,
    "swamp": 3.9833061397075653
}