{
    "creek": 4.697315022349358,
    "forest-broadleaf": 39.09999430179596,
    "forest_path": 20.329806208610535,
    "grotto": 2.346031367778778,
    "rainforest": 8.035407215356827
}