{
    "bamboo_forest": 4.066309332847595,
    "forest-broadleaf": 51.15324258804321,
    "forest_path": 18.38403195142746,
    "rainforest": 10.284410417079926,
    "swamp": 2.7462000027298927
}