{
    "forest-broadleaf": 28.110206127166748,
    "forest_path": 33.51144790649414,
    "mountain_path": 2.841685339808464,
    "rainforest": 9.614503383636475,
    "swamp": 6.2235914170742035
}