{
    "creek": 4.2312003672122955,
    "forest-broadleaf": 34.49483513832092,
    "forest_path": 17.82670021057129,
    "rainforest": 11.0897958278656,
    "swamp": 3.655315935611725
}