{
    "bamboo_forest": 2.6882966980338097,
    "forest-broadleaf": 55.786967277526855,
    "forest_path": 17.29043275117874,
    "rainforest": 11.105839163064957,
    "swamp": 2.6560768485069275
}