{
    "creek": 2.413089759647846,
    "forest-broadleaf": 48.80404472351074,
    "forest_path": 21.176372468471527,
    "rainforest": 11.695265024900436,
    "swamp": 3.117872029542923
}