{
    "bamboo_forest": 2.330327033996582,
    "forest-broadleaf": 50.17852783203125,
    "forest_path": 15.46134501695633,
    "rainforest": 11.915820837020874,
    "swamp": 3.0642226338386536
}