{
    "doorway-outdoor": 0.44978433288633823,
    "driveway": 2.0774932578206062,
    "garage-outdoor": 89.90798592567444,
    "loading_dock": 0.7334617897868156,
    "manufactured_home": 2.885807491838932
}