{
    "doorway-outdoor": 0.4372931085526943,
    "driveway": 1.603984646499157,
    "garage-outdoor": 90.94682335853577,
    "loading_dock": 0.712934834882617,
    "manufactured_home": 2.8603360056877136
}