{
    "doorway-outdoor": 0.4366782959550619,
    "driveway": 1.6196578741073608,
    "garage-outdoor": 90.85948467254639,
    "loading_dock": 0.7178560364991426,
    "manufactured_home": 2.8784723952412605
}