{
    "fishpond": 5.683327466249466,
    "japanese_garden": 15.233902633190155,
    "moat-water": 5.85612878203392,
    "ruin": 6.531907618045807,
    "temple-asia": 6.59346878528595
}