{
    "fishpond": 15.743301808834076,
    "japanese_garden": 21.702207624912262,
    "moat-water": 3.57184074819088,
    "pond": 4.904072731733322,
    "ruin": 5.571388825774193
}