{
    "fishpond": 5.683305114507675,
    "japanese_garden": 15.23362249135971,
    "moat-water": 5.856176093220711,
    "ruin": 6.531906872987747,
    "temple-asia": 6.593499332666397
}