{
    "fishpond": 4.248402640223503,
    "japanese_garden": 31.435197591781616,
    "moat-water": 7.041992247104645,
    "ruin": 8.256513625383377,
    "temple-asia": 4.712171852588654
}