{
    "fishpond": 17.182372510433197,
    "japanese_garden": 18.25377494096756,
    "moat-water": 4.820060729980469,
    "pond": 6.920962780714035,
    "ruin": 5.667268857359886
}