{
    "fishpond": 11.113931983709335,
    "japanese_garden": 23.847077786922455,
    "moat-water": 10.534897446632385,
    "ruin": 6.111665442585945,
    "temple-asia": 4.635166376829147
}