{
    "fishpond": 17.435385286808014,
    "japanese_garden": 16.010935604572296,
    "moat-water": 3.364228457212448,
    "pond": 7.579482346773148,
    "ruin": 5.5451977998018265
}