{
    "fishpond": 16.66817218065262,
    "japanese_garden": 27.36496925354004,
    "moat-water": 3.4963611513376236,
    "pond": 3.6681853234767914,
    "ruin": 5.544237047433853
}