{
    "fishpond": 7.762975245714188,
    "japanese_garden": 20.431804656982422,
    "moat-water": 10.93519702553749,
    "ruin": 6.158631667494774,
    "temple-asia": 5.087469518184662
}