{
    "cemetery": 3.204825147986412,
    "japanese_garden": 9.923671931028366,
    "moat-water": 5.771807953715324,
    "pond": 4.401766881346703,
    "ruin": 5.631529167294502
}