{
    "fishpond": 19.870127737522125,
    "japanese_garden": 34.66431796550751,
    "moat-water": 4.17037270963192,
    "pond": 2.9845133423805237,
    "ruin": 7.14089423418045
}