{
    "fishpond": 18.285438418388367,
    "japanese_garden": 19.370660185813904,
    "moat-water": 3.368302807211876,
    "pond": 4.774946719408035,
    "ruin": 5.559375509619713
}