{
    "fishpond": 9.731731563806534,
    "japanese_garden": 24.673980474472046,
    "moat-water": 7.541292160749435,
    "pond": 7.551518827676773,
    "swamp": 3.2517224550247192
}