{
    "fishpond": 6.511096656322479,
    "japanese_garden": 21.51072323322296,
    "moat-water": 4.384772479534149,
    "ruin": 8.796723932027817,
    "temple-asia": 5.276976153254509
}