{
    "fishpond": 17.352207005023956,
    "japanese_garden": 35.81283092498779,
    "moat-water": 4.38980758190155,
    "pond": 2.5761546567082405,
    "ruin": 7.154805958271027
}