{
    "fishpond": 21.56289666891098,
    "japanese_garden": 29.551252722740173,
    "moat-water": 4.28122878074646,
    "pond": 3.896704688668251,
    "ruin": 7.152637094259262
}