{
    "castle": 3.8140565156936646,
    "fishpond": 22.930455207824707,
    "japanese_garden": 16.089197993278503,
    "moat-water": 6.1226289719343185,
    "ruin": 10.703122615814209
}