{
    "aqueduct": 25.76952576637268,
    "arch": 5.835896357893944,
    "castle": 6.210600212216377,
    "kasbah": 27.054566144943237,
    "ruin": 9.322869777679443
}