{
    "aqueduct": 9.139923751354218,
    "arch": 6.747531890869141,
    "kasbah": 29.367908835411072,
    "mausoleum": 6.101517379283905,
    "ruin": 10.106761753559113
}