{
    "aqueduct": 9.936108440160751,
    "arch": 10.805195569992065,
    "church-outdoor": 7.476186752319336,
    "kasbah": 15.250435471534729,
    "mausoleum": 7.760261744260788
}