{
    "aqueduct": 16.98804497718811,
    "arch": 7.914257794618607,
    "church-outdoor": 7.3649100959300995,
    "kasbah": 22.04679548740387,
    "ruin": 11.189451813697815
}