{
    "aqueduct": 21.212568879127502,
    "arch": 5.8243826031684875,
    "church-outdoor": 6.036578863859177,
    "kasbah": 24.580663442611694,
    "ruin": 16.443513333797455
}