{
    "aqueduct": 23.14823716878891,
    "arch": 7.045697420835495,
    "kasbah": 15.104980766773224,
    "mausoleum": 4.295715317130089,
    "ruin": 23.63240271806717
}