{
    "aqueduct": 12.107737362384796,
    "arch": 9.860166907310486,
    "church-outdoor": 7.602587342262268,
    "kasbah": 17.459404468536377,
    "ruin": 7.852607220411301
}