{
    "aqueduct": 32.57627487182617,
    "arch": 3.7635672837495804,
    "castle": 6.588298082351685,
    "kasbah": 28.286388516426086,
    "ruin": 9.19782668352127
}