{
    "aqueduct": 9.139841794967651,
    "arch": 6.747550517320633,
    "kasbah": 29.368066787719727,
    "mausoleum": 6.101430952548981,
    "ruin": 10.106730461120605
}