{
    "aqueduct": 16.46619886159897,
    "arch": 6.36448934674263,
    "church-outdoor": 5.462728068232536,
    "kasbah": 24.616052210330963,
    "ruin": 13.41608315706253
}