{
    "aqueduct": 19.43599283695221,
    "arch": 5.9679582715034485,
    "church-outdoor": 5.848240852355957,
    "kasbah": 26.22145116329193,
    "ruin": 15.830081701278687
}