{
    "aqueduct": 10.943859815597534,
    "church-outdoor": 4.87094521522522,
    "kasbah": 30.76685667037964,
    "mausoleum": 5.709134414792061,
    "ruin": 16.145701706409454
}