{
    "aqueduct": 17.9855078458786,
    "arch": 4.947897046804428,
    "church-outdoor": 5.599737167358398,
    "kasbah": 28.120607137680054,
    "ruin": 12.53330409526825
}