{
    "aqueduct": 15.307329595088959,
    "arch": 5.302717536687851,
    "kasbah": 30.514150857925415,
    "mausoleum": 5.238068103790283,
    "ruin": 18.06829273700714
}