{
    "aqueduct": 30.846592783927917,
    "arch": 5.618993192911148,
    "church-outdoor": 4.755463823676109,
    "kasbah": 23.508980870246887,
    "ruin": 12.334941327571869
}