{
    "aqueduct": 13.519541919231415,
    "arch": 6.494639068841934,
    "church-outdoor": 5.106337741017342,
    "kasbah": 28.132131695747375,
    "ruin": 15.55660367012024
}