{
    "aqueduct": 23.321925103664398,
    "church-outdoor": 4.986454546451569,
    "kasbah": 18.566492199897766,
    "mausoleum": 5.221577733755112,
    "ruin": 10.156308114528656
}