{
    "childs_room": 6.797782331705093,
    "nursery": 7.616031914949417,
    "playroom": 7.097975164651871,
    "waiting_room": 11.868520081043243,
    "youth_hostel": 6.464100629091263
}