{
    "childs_room": 6.448516994714737,
    "dorm_room": 6.869929283857346,
    "nursery": 13.439670205116272,
    "waiting_room": 9.802348911762238,
    "youth_hostel": 7.488463073968887
}