{
    "childs_room": 8.402702957391739,
    "dorm_room": 8.06189775466919,
    "nursery": 8.073347806930542,
    "waiting_room": 14.459754526615143,
    "youth_hostel": 7.917480915784836
}