{
    "childs_room": 17.606936395168304,
    "dorm_room": 5.4060399532318115,
    "nursery": 14.018984138965607,
    "playroom": 7.80128538608551,
    "youth_hostel": 7.942487299442291
}