{
    "childs_room": 18.411031365394592,
    "dorm_room": 4.739122837781906,
    "nursery": 18.931429088115692,
    "playroom": 9.681736677885056,
    "youth_hostel": 8.786949515342712
}