{
    "bedroom": 8.27348679304123,
    "childs_room": 11.78181916475296,
    "dorm_room": 9.398002177476883,
    "nursery": 8.577512204647064,
    "youth_hostel": 15.159638226032257
}