{
    "childs_room": 7.143028080463409,
    "dorm_room": 6.931088864803314,
    "nursery": 7.825035601854324,
    "waiting_room": 11.022762954235077,
    "youth_hostel": 6.362996995449066
}