{
    "childs_room": 7.034042477607727,
    "dorm_room": 6.89370185136795,
    "nursery": 6.530377268791199,
    "playroom": 6.345972418785095,
    "waiting_room": 11.983400583267212
}