{
    "childs_room": 10.772032290697098,
    "living_room": 6.20620995759964,
    "nursery": 13.870415091514587,
    "playroom": 8.22451114654541,
    "waiting_room": 14.446592330932617
}