{
    "childs_room": 10.772083699703217,
    "living_room": 6.206074729561806,
    "nursery": 13.870538771152496,
    "playroom": 8.224522322416306,
    "waiting_room": 14.446716010570526
}