{
    "childs_room": 24.940049648284912,
    "dorm_room": 5.583455786108971,
    "nursery": 19.51708495616913,
    "playroom": 8.15088003873825,
    "waiting_room": 6.968599557876587
}