{
    "bedroom": 5.623048543930054,
    "childs_room": 16.246888041496277,
    "nursery": 33.046793937683105,
    "playroom": 4.994578659534454,
    "youth_hostel": 5.239852145314217
}