{
    "childs_room": 7.576882839202881,
    "dorm_room": 7.9178184270858765,
    "nursery": 6.249755248427391,
    "playroom": 7.516911625862122,
    "waiting_room": 10.287390649318695
}