{
    "childs_room": 10.312021523714066,
    "dorm_room": 11.309992522001266,
    "nursery": 11.276543885469437,
    "playroom": 5.559374392032623,
    "youth_hostel": 10.421226918697357
}