{
    "bazaar-indoor": 7.2692424058914185,
    "bazaar-outdoor": 18.72025728225708,
    "flea_market-indoor": 5.3544409573078156,
    "market-outdoor": 9.670748561620712,
    "slum": 16.577857732772827
}