{
    "bazaar-indoor": 5.32865971326828,
    "bazaar-outdoor": 22.33162671327591,
    "flea_market-indoor": 4.472389072179794,
    "market-outdoor": 4.953774809837341,
    "slum": 7.542608678340912
}