{
    "bazaar-indoor": 12.510097026824951,
    "bazaar-outdoor": 19.37919408082962,
    "flea_market-indoor": 9.485307335853577,
    "market-outdoor": 5.983523651957512,
    "slum": 12.675286829471588
}