{
    "archaelogical_excavation": 3.508226200938225,
    "bazaar-outdoor": 8.11326652765274,
    "market-outdoor": 6.686533987522125,
    "ruin": 15.950959920883179,
    "slum": 8.11568796634674
}