{
    "bazaar-outdoor": 15.424560010433197,
    "market-outdoor": 6.474476307630539,
    "ruin": 14.331799745559692,
    "slum": 20.148596167564392,
    "street": 5.948320776224136
}