{
    "bazaar-indoor": 3.930174559354782,
    "bazaar-outdoor": 21.772338449954987,
    "market-outdoor": 8.609677106142044,
    "slum": 18.05991381406784,
    "street": 6.508208811283112
}