{
    "bazaar-indoor": 4.816804826259613,
    "bazaar-outdoor": 11.569993942975998,
    "plaza": 4.310041666030884,
    "ruin": 5.185457691550255,
    "slum": 6.207622215151787
}