{
    "bazaar-indoor": 4.770571738481522,
    "bazaar-outdoor": 14.781324565410614,
    "beer_garden": 6.354378908872604,
    "market-outdoor": 5.497514829039574,
    "slum": 9.875303506851196
}