{
    "bazaar-indoor": 6.985889375209808,
    "bazaar-outdoor": 10.985217243432999,
    "market-outdoor": 3.336605429649353,
    "ruin": 27.463015913963318,
    "slum": 4.01383675634861
}