{
    "bazaar-indoor": 5.3699638694524765,
    "bazaar-outdoor": 16.714225709438324,
    "market-outdoor": 3.6410529166460037,
    "ruin": 3.7414666265249252,
    "slum": 11.34299486875534
}