{
    "bazaar-indoor": 7.87607878446579,
    "bazaar-outdoor": 16.18708074092865,
    "market-outdoor": 4.886437207460403,
    "ruin": 6.346769630908966,
    "slum": 7.007233798503876
}