{
    "alley": 2.2557485848665237,
    "bazaar-indoor": 3.8538552820682526,
    "bazaar-outdoor": 5.598616972565651,
    "slum": 5.493239313364029,
    "street": 4.722221568226814
}