{
    "bazaar-indoor": 12.509992718696594,
    "bazaar-outdoor": 19.37921643257141,
    "flea_market-indoor": 9.485356509685516,
    "market-outdoor": 5.983457714319229,
    "slum": 12.675294280052185
}