{
    "bazaar-indoor": 4.329309985041618,
    "bazaar-outdoor": 11.562883108854294,
    "market-outdoor": 3.578992187976837,
    "ruin": 3.997626155614853,
    "slum": 13.418051600456238
}