{
    "alley": 6.75860196352005,
    "arcade": 13.753455877304077,
    "atrium-public": 6.41825869679451,
    "library-indoor": 9.691376984119415,
    "lobby": 5.674615502357483
}