{
    "arcade": 15.47752171754837,
    "atrium-public": 8.655877411365509,
    "entrance_hall": 10.205847024917603,
    "lobby": 6.247609108686447,
    "mezzanine": 8.725224435329437
}