{
    "arcade": 5.98226971924305,
    "elevator_lobby": 3.776875138282776,
    "entrance_hall": 3.6847393959760666,
    "lobby": 7.435177266597748,
    "mezzanine": 4.929995909333229
}