{
    "arcade": 9.202941507101059,
    "atrium-public": 5.7844143360853195,
    "entrance_hall": 9.473080933094025,
    "lobby": 7.3053427040576935,
    "mezzanine": 13.11185210943222
}