{
    "arcade": 12.293727695941925,
    "atrium-public": 6.945770978927612,
    "lobby": 6.977786868810654,
    "mezzanine": 10.302327573299408,
    "shopping_mall-indoor": 5.356751382350922
}