{
    "arcade": 11.565455794334412,
    "atrium-public": 8.800122141838074,
    "entrance_hall": 9.494749456644058,
    "lobby": 5.601555481553078,
    "mezzanine": 10.830903798341751
}