{
    "alley": 6.758667528629303,
    "arcade": 13.753466308116913,
    "atrium-public": 6.418329477310181,
    "library-indoor": 9.691297262907028,
    "lobby": 5.674715340137482
}