{
    "arcade": 11.17371991276741,
    "atrium-public": 8.049450814723969,
    "entrance_hall": 9.428669512271881,
    "lobby": 5.671402812004089,
    "mezzanine": 8.84292647242546
}