{
    "arcade": 12.551027536392212,
    "atrium-public": 9.101761877536774,
    "entrance_hall": 9.203632175922394,
    "lobby": 5.355909839272499,
    "mezzanine": 12.963882088661194
}