{
    "alley": 9.099414944648743,
    "arcade": 13.485726714134216,
    "entrance_hall": 6.808929890394211,
    "lobby": 5.174443870782852,
    "medina": 3.910766914486885
}