{
    "alley": 17.628319561481476,
    "arcade": 8.980638533830643,
    "lobby": 6.044269353151321,
    "medina": 5.088456347584724,
    "mezzanine": 3.7946663796901703
}