{
    "arcade": 8.85654091835022,
    "atrium-public": 4.507017135620117,
    "entrance_hall": 3.716558963060379,
    "lobby": 5.913303047418594,
    "mezzanine": 4.962218552827835
}