{
    "atrium-public": 4.2259324342012405,
    "entrance_hall": 3.5665906965732574,
    "lobby": 6.2805622816085815,
    "mezzanine": 9.170803427696228,
    "staircase": 2.908864989876747
}