{
    "arcade": 5.595763027667999,
    "atrium-public": 5.59476763010025,
    "library-indoor": 13.317270576953888,
    "lobby": 7.288514077663422,
    "mezzanine": 7.5166255235672
}