{
    "mountain": 14.050285518169403,
    "mountain_snowy": 6.479482352733612,
    "valley": 7.865658402442932,
    "village": 30.022674798965454,
    "volcano": 9.784900397062302
}