{
    "mountain": 12.226623296737671,
    "mountain_snowy": 28.38919460773468,
    "valley": 7.308398187160492,
    "village": 13.092683255672455,
    "volcano": 8.59193280339241
}