{
    "mountain": 15.050242841243744,
    "mountain_snowy": 9.29095521569252,
    "valley": 8.733206987380981,
    "village": 14.254775643348694,
    "volcano": 16.90555363893509
}