{
    "mountain": 12.463709712028503,
    "mountain_snowy": 13.01620751619339,
    "valley": 5.675281211733818,
    "village": 5.065048858523369,
    "volcano": 29.97296452522278
}