{
    "mountain": 14.050373435020447,
    "mountain_snowy": 6.479625403881073,
    "valley": 7.865636050701141,
    "village": 30.02241849899292,
    "volcano": 9.784810990095139
}