{
    "mountain": 14.6455779671669,
    "mountain_snowy": 16.73736274242401,
    "valley": 7.173926383256912,
    "village": 12.562501430511475,
    "volcano": 14.18830007314682
}