{
    "mountain": 14.913809299468994,
    "mountain_snowy": 6.594500690698624,
    "valley": 8.410610258579254,
    "village": 23.80305975675583,
    "volcano": 7.643274217844009
}