{
    "mountain": 12.787233293056488,
    "mountain_path": 7.362069934606552,
    "valley": 7.810133695602417,
    "village": 19.51831579208374,
    "volcano": 15.932303667068481
}