{
    "mountain": 14.233793318271637,
    "mountain_snowy": 23.260986804962158,
    "valley": 8.524283021688461,
    "village": 13.363251090049744,
    "volcano": 8.112974464893341
}