{
    "mountain": 14.350095391273499,
    "mountain_snowy": 23.584094643592834,
    "valley": 8.764589577913284,
    "village": 13.069529831409454,
    "volcano": 7.08572119474411
}