{
    "mountain": 15.162545442581177,
    "mountain_snowy": 6.866975873708725,
    "valley": 8.796176314353943,
    "village": 16.331227123737335,
    "volcano": 20.63021808862686
}