{
    "mountain": 18.839217722415924,
    "mountain_snowy": 7.674173265695572,
    "valley": 9.012606739997864,
    "village": 16.106043756008148,
    "volcano": 15.992270410060883
}