{
    "mountain": 16.740787029266357,
    "mountain_snowy": 8.886577934026718,
    "valley": 8.566131442785263,
    "village": 16.059954464435577,
    "volcano": 15.2356818318367
}