{
    "mountain": 16.761867702007294,
    "mountain_path": 5.060771852731705,
    "valley": 8.811593055725098,
    "village": 19.792336225509644,
    "volcano": 12.573590874671936
}