{
    "mountain": 14.001227915287018,
    "mountain_path": 6.135543808341026,
    "valley": 10.36890596151352,
    "village": 20.71201354265213,
    "volcano": 6.30301833152771
}