{
    "mountain": 17.28447824716568,
    "mountain_snowy": 9.286151081323624,
    "valley": 8.499762415885925,
    "village": 18.623319268226624,
    "volcano": 16.379036009311676
}