{
    "mountain": 15.295320749282837,
    "mountain_snowy": 22.738805413246155,
    "valley": 9.718073159456253,
    "village": 12.953698635101318,
    "volcano": 6.751491874456406
}