{
    "gazebo-exterior": 3.489721566438675,
    "museum-outdoor": 0.6527772638946772,
    "pagoda": 67.25360155105591,
    "pavilion": 1.0346289724111557,
    "temple-asia": 22.135721147060394
}