{
    "airfield": 0.8889949880540371,
    "gazebo-exterior": 2.7790617197752,
    "pagoda": 69.56794261932373,
    "pavilion": 0.7848767563700676,
    "temple-asia": 17.675136029720306
}