{
    "gazebo-exterior": 0.6626572459936142,
    "japanese_garden": 0.2530739875510335,
    "mausoleum": 0.254489085637033,
    "pagoda": 73.92798662185669,
    "temple-asia": 23.718512058258057
}