{
    "gazebo-exterior": 11.8599534034729,
    "museum-outdoor": 0.5210005678236485,
    "pagoda": 62.23376989364624,
    "pavilion": 1.2471278198063374,
    "temple-asia": 19.953931868076324
}