{
    "gazebo-exterior": 0.8901562541723251,
    "mausoleum": 1.1171749792993069,
    "pagoda": 64.5602822303772,
    "pavilion": 0.3686318639665842,
    "temple-asia": 30.363407731056213
}