{
    "gazebo-exterior": 2.0808733999729156,
    "mausoleum": 0.6692012306302786,
    "pagoda": 67.23883152008057,
    "pavilion": 0.9165002964437008,
    "temple-asia": 24.35895800590515
}