{
    "gazebo-exterior": 0.9032844565808773,
    "mausoleum": 0.13162170071154833,
    "pagoda": 68.57057809829712,
    "pavilion": 0.2265465445816517,
    "temple-asia": 29.588866233825684
}