{
    "gazebo-exterior": 1.1975616216659546,
    "mausoleum": 0.46295057982206345,
    "museum-outdoor": 0.589645141735673,
    "pagoda": 75.937819480896,
    "temple-asia": 17.765799164772034
}