{
    "gazebo-exterior": 4.6396419405937195,
    "mausoleum": 0.9035298600792885,
    "pagoda": 45.03653645515442,
    "pavilion": 1.5319274738430977,
    "temple-asia": 44.90509033203125
}