{
    "gazebo-exterior": 2.0801905542612076,
    "mausoleum": 2.1396784111857414,
    "pagoda": 48.18934202194214,
    "pavilion": 0.37997234612703323,
    "temple-asia": 44.08489763736725
}