{
    "gazebo-exterior": 7.8424520790576935,
    "mausoleum": 2.1965540945529938,
    "pagoda": 60.090845823287964,
    "pavilion": 2.1612489596009254,
    "temple-asia": 18.618778884410858
}