{
    "gazebo-exterior": 0.9032563306391239,
    "mausoleum": 0.1316241337917745,
    "pagoda": 68.57088804244995,
    "pavilion": 0.2265455201268196,
    "temple-asia": 29.588574171066284
}