{
    "gazebo-exterior": 8.155643194913864,
    "mausoleum": 0.621467549353838,
    "museum-outdoor": 0.562672782689333,
    "pagoda": 67.07485914230347,
    "temple-asia": 19.309653341770172
}