{
    "gazebo-exterior": 4.9612946808338165,
    "mausoleum": 1.1215247213840485,
    "pagoda": 49.232470989227295,
    "pavilion": 1.6617603600025177,
    "temple-asia": 39.156144857406616
}