{
    "gazebo-exterior": 0.4317057318985462,
    "japanese_garden": 0.15878694830462337,
    "mausoleum": 0.6437536329030991,
    "pagoda": 73.68272542953491,
    "temple-asia": 23.735515773296356
}