{
    "gazebo-exterior": 5.783725902438164,
    "mausoleum": 0.8254942484200001,
    "pagoda": 62.4889612197876,
    "pavilion": 1.9406680017709732,
    "temple-asia": 23.97821396589279
}