{
    "gazebo-exterior": 1.299363560974598,
    "mausoleum": 0.9552340023219585,
    "pagoda": 58.96077752113342,
    "pavilion": 0.4074892494827509,
    "temple-asia": 35.89901328086853
}