{
    "park": 1.545148529112339,
    "playground": 11.53874397277832,
    "sandbox": 30.114728212356567,
    "volleyball_court-outdoor": 17.228780686855316,
    "water_park": 10.878567397594452
}