{
    "athletic_field-outdoor": 6.025778874754906,
    "playground": 15.390720963478088,
    "sandbox": 24.523386359214783,
    "soccer_field": 5.442599952220917,
    "volleyball_court-outdoor": 8.818824589252472
}