{
    "archaelogical_excavation": 3.992367908358574,
    "park": 4.329343885183334,
    "playground": 10.12592613697052,
    "sandbox": 38.93733322620392,
    "volleyball_court-outdoor": 6.145868077874184
}