{
    "archaelogical_excavation": 2.4023937061429024,
    "playground": 5.943575128912926,
    "sandbox": 51.26410126686096,
    "volleyball_court-outdoor": 8.482801914215088,
    "water_park": 3.9497949182987213
}