{
    "athletic_field-outdoor": 6.025800853967667,
    "playground": 15.390598773956299,
    "sandbox": 24.523283541202545,
    "soccer_field": 5.442708730697632,
    "volleyball_court-outdoor": 8.818855881690979
}