{
    "baseball_field": 14.13833498954773,
    "playground": 13.032098114490509,
    "sandbox": 8.671830594539642,
    "soccer_field": 8.07085707783699,
    "volleyball_court-outdoor": 6.970711052417755
}