{
    "baseball_field": 7.502169162034988,
    "playground": 10.92204749584198,
    "sandbox": 9.142554551362991,
    "soccer_field": 9.062612056732178,
    "volleyball_court-outdoor": 8.639773726463318
}