{
    "athletic_field-outdoor": 7.116024196147919,
    "baseball_field": 12.502598762512207,
    "playground": 9.663384407758713,
    "sandbox": 8.472028374671936,
    "soccer_field": 10.522467643022537
}