{
    "park": 6.757733225822449,
    "playground": 21.066859364509583,
    "sandbox": 15.988856554031372,
    "soccer_field": 3.2833270728588104,
    "volleyball_court-outdoor": 8.129779249429703
}