{
    "park": 1.8927814438939095,
    "playground": 5.492487549781799,
    "sandbox": 55.73814511299133,
    "volleyball_court-outdoor": 8.349286019802094,
    "water_park": 4.282471910119057
}