{
    "park": 4.938403517007828,
    "playground": 17.428058385849,
    "sandbox": 15.469707548618317,
    "soccer_field": 7.0742301642894745,
    "volleyball_court-outdoor": 5.981792509555817
}