{
    "picnic_area": 1.5095359645783901,
    "playground": 5.796792730689049,
    "sandbox": 52.69132852554321,
    "volleyball_court-outdoor": 13.787788152694702,
    "water_park": 9.123802930116653
}