{
    "baseball_field": 9.2463918030262,
    "playground": 10.287020355463028,
    "sandbox": 9.620020538568497,
    "soccer_field": 10.23983582854271,
    "volleyball_court-outdoor": 9.883791953325272
}