{
    "athletic_field-outdoor": 8.354751765727997,
    "baseball_field": 11.822903901338577,
    "playground": 9.797307848930359,
    "sandbox": 9.103314578533173,
    "soccer_field": 11.639809608459473
}