{
    "balcony-exterior": 3.8692209869623184,
    "driveway": 4.15288433432579,
    "garage-outdoor": 25.55340826511383,
    "house": 5.069949105381966,
    "manufactured_home": 20.99074125289917
}