{
    "driveway": 4.356019571423531,
    "garage-outdoor": 38.67575824260712,
    "house": 4.263189435005188,
    "inn-outdoor": 2.584237791597843,
    "manufactured_home": 18.02820712327957
}