{
    "driveway": 4.664278030395508,
    "garage-outdoor": 31.44262433052063,
    "house": 4.216150939464569,
    "inn-outdoor": 2.714361809194088,
    "manufactured_home": 18.55591982603073
}