{
    "airport_terminal": 2.7152743190526962,
    "arcade": 7.38205760717392,
    "atrium-public": 3.1550761312246323,
    "plaza": 3.9936624467372894,
    "shopping_mall-indoor": 6.636588275432587
}