{
    "alley": 3.536979854106903,
    "arcade": 6.635721027851105,
    "medina": 6.310265511274338,
    "plaza": 4.44856658577919,
    "street": 4.545823112130165
}