{
    "arcade": 5.20092248916626,
    "medina": 5.928026884794235,
    "plaza": 4.377711936831474,
    "shopping_mall-indoor": 3.7409570068120956,
    "street": 4.432258382439613
}