{
    "airport_terminal": 2.3804714903235435,
    "arcade": 5.103019997477531,
    "atrium-public": 4.481194540858269,
    "lobby": 5.19314631819725,
    "shopping_mall-indoor": 12.757457792758942
}