{
    "arcade": 7.415232807397842,
    "atrium-public": 3.608093783259392,
    "courtyard": 4.841373115777969,
    "plaza": 3.7026800215244293,
    "shopping_mall-indoor": 7.2582341730594635
}