{
    "alley": 3.4194689244031906,
    "arcade": 8.198978751897812,
    "medina": 6.261924654245377,
    "plaza": 4.535228759050369,
    "street": 4.443509131669998
}