{
    "arcade": 11.520251631736755,
    "bazaar-indoor": 3.558287024497986,
    "lobby": 3.321758657693863,
    "plaza": 2.841602638363838,
    "shopping_mall-indoor": 5.087554454803467
}