{
    "arcade": 4.88847941160202,
    "courtyard": 2.5460749864578247,
    "plaza": 3.1046420335769653,
    "shopping_mall-indoor": 5.0944846123456955,
    "street": 2.3058494552969933
}