{
    "alley": 5.407838150858879,
    "arcade": 9.463630616664886,
    "bazaar-indoor": 6.283886730670929,
    "bazaar-outdoor": 3.470803424715996,
    "street": 4.6338483691215515
}