{
    "arcade": 12.814304232597351,
    "atrium-public": 4.277848452329636,
    "bazaar-indoor": 3.9162658154964447,
    "hotel-outdoor": 4.162047058343887,
    "shopping_mall-indoor": 9.434373676776886
}