{
    "airport_terminal": 2.3577868938446045,
    "arcade": 6.926301121711731,
    "atrium-public": 5.20516037940979,
    "lobby": 5.415049195289612,
    "shopping_mall-indoor": 13.688798248767853
}