{
    "arcade": 8.874787390232086,
    "medina": 6.0095250606536865,
    "plaza": 4.489213600754738,
    "shopping_mall-indoor": 5.124161392450333,
    "street": 4.550061747431755
}