{
    "arcade": 12.814408540725708,
    "atrium-public": 4.277832433581352,
    "bazaar-indoor": 3.91625314950943,
    "hotel-outdoor": 4.162049293518066,
    "shopping_mall-indoor": 9.43433940410614
}