{
    "arcade": 5.214417353272438,
    "bazaar-indoor": 2.897852286696434,
    "courtyard": 3.6021828651428223,
    "plaza": 4.532098770141602,
    "shopping_mall-indoor": 3.214799612760544
}