{
    "airplane_cabin": 4.327153041958809,
    "attic": 9.703908860683441,
    "basement": 5.677232891321182,
    "home_theater": 6.928138434886932,
    "staircase": 6.769269704818726
}