{
    "attic": 6.499967724084854,
    "basement": 4.637591168284416,
    "home_theater": 6.215900182723999,
    "movie_theater-indoor": 4.766908288002014,
    "staircase": 4.18110117316246
}