{
    "attic": 6.910031288862228,
    "home_theater": 9.376440197229385,
    "movie_theater-indoor": 6.896337866783142,
    "music_studio": 3.9984099566936493,
    "staircase": 4.936783015727997
}