{
    "alcove": 3.33537794649601,
    "attic": 8.187352865934372,
    "entrance_hall": 6.034030392765999,
    "recreation_room": 4.060446098446846,
    "staircase": 4.710470512509346
}