{
    "airplane_cabin": 5.453506484627724,
    "attic": 6.78945854306221,
    "home_theater": 7.433728873729706,
    "movie_theater-indoor": 7.383023202419281,
    "staircase": 4.270995780825615
}