{
    "alcove": 4.232899844646454,
    "attic": 7.66628235578537,
    "basement": 3.554004803299904,
    "jail_cell": 3.983147442340851,
    "staircase": 5.593571066856384
}