{
    "airplane_cabin": 11.98212057352066,
    "alcove": 8.180353045463562,
    "attic": 11.130863428115845,
    "basement": 4.621568322181702,
    "train_interior": 6.232912093400955
}