{
    "attic": 5.828794836997986,
    "basement": 4.6675316989421844,
    "home_theater": 9.355564415454865,
    "movie_theater-indoor": 5.850468203425407,
    "staircase": 3.9424002170562744
}