{
    "attic": 6.034386530518532,
    "basement": 3.9267193526029587,
    "home_theater": 11.598312109708786,
    "movie_theater-indoor": 5.984136462211609,
    "staircase": 3.927852213382721
}