{
    "alcove": 3.6358796060085297,
    "attic": 9.457896649837494,
    "basement": 3.608126938343048,
    "entrance_hall": 6.276802718639374,
    "staircase": 6.98985755443573
}