{
    "alcove": 5.613166838884354,
    "attic": 4.37060073018074,
    "basement": 3.7519827485084534,
    "entrance_hall": 3.920675814151764,
    "staircase": 5.086445435881615
}