{
    "alcove": 9.873130172491074,
    "attic": 3.1084053218364716,
    "basement": 3.896702080965042,
    "jail_cell": 4.4082410633563995,
    "staircase": 4.348374158143997
}