{
    "airplane_cabin": 6.473252922296524,
    "alcove": 3.4941036254167557,
    "attic": 5.693080648779869,
    "home_theater": 3.377419337630272,
    "train_interior": 7.067009061574936
}