{
    "airplane_cabin": 6.473389267921448,
    "alcove": 3.4941893070936203,
    "attic": 5.693075805902481,
    "home_theater": 3.3773373812437057,
    "train_interior": 7.066942006349564
}