{
    "lake-natural": 4.391290619969368,
    "raft": 12.696443498134613,
    "river": 5.58910071849823,
    "swimming_hole": 28.862115740776062,
    "watering_hole": 12.749874591827393
}