{
    "crevasse": 6.914385408163071,
    "iceberg": 7.342934608459473,
    "marsh": 7.913462817668915,
    "mountain_snowy": 6.430023163557053,
    "watering_hole": 7.546170800924301
}