{
    "lagoon": 5.47659732401371,
    "marsh": 5.1673948764801025,
    "raft": 10.724279284477234,
    "swimming_hole": 29.68445122241974,
    "watering_hole": 9.7633957862854
}