{
    "lake-natural": 4.336966946721077,
    "raft": 33.46069157123566,
    "river": 5.479876324534416,
    "swimming_hole": 19.46796178817749,
    "watering_hole": 5.652020871639252
}