{
    "marsh": 9.90021750330925,
    "raft": 25.664690136909485,
    "swamp": 5.6616827845573425,
    "swimming_hole": 14.353957772254944,
    "watering_hole": 11.4446260035038
}