{
    "marsh": 4.996172711253166,
    "raft": 10.85929349064827,
    "river": 4.943997785449028,
    "swimming_hole": 30.40255904197693,
    "watering_hole": 10.69568544626236
}