{
    "lake-natural": 4.200978204607964,
    "raft": 38.45123052597046,
    "river": 5.0541892647743225,
    "swimming_hole": 17.788150906562805,
    "watering_hole": 5.4402559995651245
}