{
    "lake-natural": 4.391359910368919,
    "raft": 12.696193158626556,
    "river": 5.589117482304573,
    "swimming_hole": 28.86258363723755,
    "watering_hole": 12.749885022640228
}