{
    "lagoon": 4.957716166973114,
    "lake-natural": 4.335381463170052,
    "raft": 21.52819335460663,
    "swimming_hole": 24.131543934345245,
    "watering_hole": 9.150190651416779
}