{
    "lagoon": 9.085437655448914,
    "lake-natural": 6.44950345158577,
    "raft": 7.789510488510132,
    "swimming_hole": 20.817741751670837,
    "watering_hole": 11.020032316446304
}