{
    "lake-natural": 6.244857609272003,
    "raft": 10.528187453746796,
    "river": 6.347566097974777,
    "swimming_hole": 25.404274463653564,
    "watering_hole": 9.926313906908035
}