{
    "lake-natural": 4.487010091543198,
    "marsh": 8.602826297283173,
    "raft": 31.695067882537842,
    "swimming_hole": 15.148347616195679,
    "watering_hole": 13.381417095661163
}