{
    "marsh": 6.047006696462631,
    "raft": 14.373058080673218,
    "river": 7.049617171287537,
    "swimming_hole": 18.921130895614624,
    "watering_hole": 9.04892235994339
}