{
    "lake-natural": 6.483307480812073,
    "marsh": 6.4383648335933685,
    "river": 6.0993097722530365,
    "swimming_hole": 15.758641064167023,
    "watering_hole": 14.72494900226593
}