{
    "cemetery": 2.372371219098568,
    "gazebo-exterior": 12.18302845954895,
    "pavilion": 7.93609619140625,
    "temple-asia": 2.5684570893645287,
    "tree_house": 4.133047163486481
}