{
    "cemetery": 2.384519577026367,
    "gazebo-exterior": 12.839268147945404,
    "pavilion": 8.405107259750366,
    "temple-asia": 2.625543810427189,
    "tree_house": 6.796685606241226
}