{
    "cemetery": 2.339524030685425,
    "gazebo-exterior": 12.075329571962357,
    "pavilion": 7.874438911676407,
    "temple-asia": 2.928677015006542,
    "tree_house": 3.2988686114549637
}