{
    "butte": 6.953886151313782,
    "canyon": 12.343531101942062,
    "mountain": 10.786503553390503,
    "mountain_path": 14.134539663791656,
    "valley": 8.253157883882523
}