{
    "butte": 6.8221114575862885,
    "canyon": 12.089528888463974,
    "mountain": 9.71839353442192,
    "mountain_path": 19.02565360069275,
    "valley": 6.752151250839233
}