{
    "butte": 7.036677002906799,
    "canyon": 13.23808878660202,
    "mountain": 12.946105003356934,
    "mountain_path": 12.127816677093506,
    "valley": 8.004918694496155
}