{
    "football_field": 3.649068996310234,
    "stadium-baseball": 2.3056574165821075,
    "stadium-football": 4.72668819129467,
    "stadium-soccer": 2.567615918815136,
    "toyshop": 2.6900608092546463
}