{
    "bazaar-outdoor": 6.0995399951934814,
    "flea_market-indoor": 7.0017024874687195,
    "landfill": 5.173331871628761,
    "market-outdoor": 10.70544645190239,
    "stage-outdoor": 7.405094802379608
}