{
    "bazaar-outdoor": 2.4627309292554855,
    "landfill": 3.02070751786232,
    "plaza": 2.454597130417824,
    "ruin": 2.4528872221708298,
    "slum": 4.51805405318737
}