{
    "arena-performance": 3.5074383020401,
    "plaza": 2.8758276253938675,
    "slum": 2.6177657768130302,
    "stadium-football": 2.4782694876194,
    "stage-outdoor": 3.3332835882902145
}