{
    "arena-performance": 3.5300686955451965,
    "beer_garden": 2.920174039900303,
    "slum": 2.7376314625144005,
    "stadium-football": 2.5074470788240433,
    "stage-outdoor": 3.9232775568962097
}