{
    "arena-performance": 4.070325195789337,
    "football_field": 5.290718376636505,
    "landfill": 5.9372153133153915,
    "slum": 13.10441941022873,
    "stadium-football": 5.490383878350258
}