{
    "bazaar-outdoor": 6.099558621644974,
    "flea_market-indoor": 7.0018470287323,
    "landfill": 5.173264443874359,
    "market-outdoor": 10.70534959435463,
    "stage-outdoor": 7.405023276805878
}