{
    "amphitheater": 2.356824278831482,
    "flea_market-indoor": 2.6049749925732613,
    "market-outdoor": 2.310083992779255,
    "slum": 4.68348041176796,
    "stage-outdoor": 2.8108201920986176
}