{
    "arena-performance": 6.734680384397507,
    "basketball_court-indoor": 9.207013249397278,
    "beer_garden": 2.1911632269620895,
    "slum": 2.682611718773842,
    "stage-outdoor": 3.7896767258644104
}