{
    "arena-performance": 5.2367400377988815,
    "bazaar-outdoor": 4.195393621921539,
    "flea_market-indoor": 4.758848994970322,
    "market-outdoor": 4.7533586621284485,
    "stage-outdoor": 6.464865058660507
}