{
    "arena-performance": 3.3995527774095535,
    "beer_garden": 2.4477776139974594,
    "slum": 2.5554636493325233,
    "stadium-football": 2.7208879590034485,
    "stage-outdoor": 7.697965204715729
}