{
    "bazaar-outdoor": 4.635535180568695,
    "flea_market-indoor": 3.4864749759435654,
    "landfill": 7.014528661966324,
    "market-outdoor": 3.26470285654068,
    "slum": 13.556551933288574
}