{
    "bazaar-outdoor": 5.032828822731972,
    "flea_market-indoor": 5.837728828191757,
    "market-outdoor": 7.428781688213348,
    "stadium-football": 5.63608705997467,
    "stage-outdoor": 5.079981312155724
}