{
    "arena-performance": 3.1084733083844185,
    "beer_garden": 5.316450074315071,
    "plaza": 2.560749277472496,
    "slum": 2.6462001726031303,
    "stage-outdoor": 4.815106093883514
}