{
    "canyon": 3.3516187220811844,
    "mountain": 12.402644753456116,
    "mountain_snowy": 2.898762561380863,
    "valley": 4.764774814248085,
    "volcano": 53.03337574005127
}