{
    "canyon": 3.3496584743261337,
    "mountain": 12.386530637741089,
    "mountain_path": 2.7408188208937645,
    "valley": 4.731716215610504,
    "volcano": 52.32260823249817
}