{
    "butte": 2.668171189725399,
    "canyon": 3.320443257689476,
    "mountain": 11.117979884147644,
    "valley": 4.299475252628326,
    "volcano": 57.17911124229431
}