{
    "aqueduct": 10.852202028036118,
    "arch": 9.323403984308243,
    "kasbah": 7.236078381538391,
    "rock_arch": 26.97940170764923,
    "ruin": 28.944671154022217
}