{
    "arcade": 28.179672360420227,
    "atrium-public": 3.9132092148065567,
    "bazaar-indoor": 3.4967422485351562,
    "church-indoor": 3.65561880171299,
    "entrance_hall": 7.725081592798233
}