{
    "arcade": 39.4239068031311,
    "atrium-public": 3.5352151840925217,
    "entrance_hall": 3.6544546484947205,
    "shopping_mall-indoor": 5.800149962306023,
    "street": 3.5044942051172256
}