{
    "arcade": 17.005380988121033,
    "arch": 3.7564780563116074,
    "church-indoor": 15.81995040178299,
    "entrance_hall": 12.221726030111313,
    "throne_room": 6.737232953310013
}