{
    "arcade": 28.1800776720047,
    "atrium-public": 3.913235291838646,
    "bazaar-indoor": 3.4967124462127686,
    "church-indoor": 3.655615448951721,
    "entrance_hall": 7.7250756323337555
}