{
    "arcade": 20.10171264410019,
    "church-indoor": 9.36151072382927,
    "entrance_hall": 13.247451186180115,
    "lobby": 6.378299742937088,
    "throne_room": 6.619997322559357
}