{
    "arcade": 22.009681165218353,
    "arch": 3.697177767753601,
    "church-indoor": 17.188037931919098,
    "entrance_hall": 8.800116181373596,
    "throne_room": 14.986985921859741
}