{
    "arcade": 18.621422350406647,
    "arch": 3.6777857691049576,
    "church-indoor": 14.93854969739914,
    "entrance_hall": 9.487193822860718,
    "throne_room": 18.794839084148407
}