{
    "arcade": 28.179931640625,
    "atrium-public": 3.9132747799158096,
    "bazaar-indoor": 3.496694192290306,
    "church-indoor": 3.655596449971199,
    "entrance_hall": 7.725094258785248
}