{
    "arcade": 34.20410454273224,
    "church-indoor": 8.785881847143173,
    "entrance_hall": 10.824891924858093,
    "lobby": 2.8341151773929596,
    "throne_room": 7.548348605632782
}