{
    "arcade": 17.005430161952972,
    "arch": 3.7564031779766083,
    "church-indoor": 15.81975370645523,
    "entrance_hall": 12.221947312355042,
    "throne_room": 6.737201660871506
}