{
    "arcade": 24.90593194961548,
    "church-indoor": 17.665398120880127,
    "entrance_hall": 16.438724100589752,
    "lobby": 3.4521374851465225,
    "throne_room": 11.509660631418228
}