{
    "arcade": 9.457875788211823,
    "church-indoor": 23.605746030807495,
    "entrance_hall": 16.43940806388855,
    "lobby": 1.6794808208942413,
    "throne_room": 33.43809247016907
}