{
    "arcade": 28.179672360420227,
    "atrium-public": 3.9132386445999146,
    "bazaar-indoor": 3.4967154264450073,
    "church-indoor": 3.655674308538437,
    "entrance_hall": 7.725140452384949
}