{
    "arena-hockey": 58.53340029716492,
    "auto_showroom": 8.697027713060379,
    "basketball_court-indoor": 7.358019798994064,
    "car_interior": 8.67026224732399,
    "ice_skating_rink-indoor": 3.056579641997814
}