{
    "amusement_arcade": 5.111518502235413,
    "bank_vault": 28.10075581073761,
    "elevator-door": 12.321726977825165,
    "phone_booth": 4.02415543794632,
    "server_room": 11.566363275051117
}