{
    "amusement_arcade": 4.144163429737091,
    "bank_vault": 39.28814232349396,
    "elevator-door": 4.480977356433868,
    "physics_laboratory": 1.8068907782435417,
    "server_room": 23.089613020420074
}