{
    "amusement_arcade": 18.193164467811584,
    "bank_vault": 3.2876886427402496,
    "physics_laboratory": 5.977948755025864,
    "recreation_room": 2.8371065855026245,
    "server_room": 3.3380355685949326
}