{
    "amusement_arcade": 4.1441988199949265,
    "bank_vault": 39.287880063056946,
    "elevator-door": 4.480879381299019,
    "physics_laboratory": 1.8069062381982803,
    "server_room": 23.08945655822754
}