{
    "amusement_arcade": 18.35528016090393,
    "bank_vault": 5.860302597284317,
    "museum-indoor": 3.4548066556453705,
    "pantry": 2.825825847685337,
    "shoe_shop": 3.181843087077141
}