{
    "amusement_arcade": 4.1441909968853,
    "bank_vault": 39.28780555725098,
    "elevator-door": 4.480939358472824,
    "physics_laboratory": 1.806875318288803,
    "server_room": 23.08976650238037
}