{
    "amusement_arcade": 5.11147528886795,
    "bank_vault": 28.10094654560089,
    "elevator-door": 12.32180967926979,
    "phone_booth": 4.024121165275574,
    "server_room": 11.566440761089325
}