{
    "amusement_arcade": 4.144174978137016,
    "bank_vault": 39.2876535654068,
    "elevator-door": 4.480922222137451,
    "physics_laboratory": 1.8068959936499596,
    "server_room": 23.089678585529327
}