{
    "amusement_arcade": 20.097120106220245,
    "bank_vault": 10.92969924211502,
    "cockpit": 5.402550101280212,
    "phone_booth": 13.089923560619354,
    "server_room": 6.033697351813316
}