{
    "amusement_arcade": 17.37503558397293,
    "bank_vault": 15.166224539279938,
    "elevator-door": 2.8713859617710114,
    "engine_room": 3.8764506578445435,
    "server_room": 6.843259185552597
}