{
    "amusement_arcade": 7.922887057065964,
    "bank_vault": 6.61320686340332,
    "elevator-door": 3.200720250606537,
    "phone_booth": 5.204763635993004,
    "shoe_shop": 3.6465629935264587
}