{
    "amusement_arcade": 10.174353420734406,
    "bank_vault": 4.761679470539093,
    "repair_shop": 3.8042284548282623,
    "server_room": 5.88446669280529,
    "storage_room": 4.088915139436722
}