{
    "balcony-exterior": 6.800361722707748,
    "building_facade": 4.405306652188301,
    "campus": 3.9664950221776962,
    "courtyard": 3.963560611009598,
    "hospital": 6.801970303058624
}