{
    "butte": 19.17644888162613,
    "desert-sand": 9.727497398853302,
    "kasbah": 4.359044507145882,
    "rock_arch": 4.8566363751888275,
    "ruin": 5.470136925578117
}