{
    "arena-rodeo": 56.26228451728821,
    "bullring": 2.8208646923303604,
    "corral": 13.114592432975769,
    "racecourse": 27.593812346458435,
    "stable": 0.13630244648084044
}