{
    "arena-rodeo": 55.91398477554321,
    "bullring": 0.37268593441694975,
    "corral": 25.627818703651428,
    "racecourse": 17.915140092372894,
    "stable": 0.10292264632880688
}