{
    "arena-rodeo": 56.26205801963806,
    "bullring": 2.820810303092003,
    "corral": 13.114139437675476,
    "racecourse": 27.594542503356934,
    "stable": 0.13630397152155638
}