{
    "airfield": 0.029251500382088125,
    "arena-rodeo": 85.98589897155762,
    "bullring": 0.24615244474262,
    "corral": 12.316013127565384,
    "racecourse": 1.3103770092129707
}