{
    "arena-rodeo": 56.262677907943726,
    "bullring": 2.820798009634018,
    "corral": 13.11408281326294,
    "racecourse": 27.594003081321716,
    "stable": 0.13630338944494724
}