{
    "arena-rodeo": 57.73160457611084,
    "bullring": 1.0122697800397873,
    "corral": 14.277423918247223,
    "racecourse": 26.902639865875244,
    "stable": 0.027617902378551662
}