{
    "arena-rodeo": 89.25898671150208,
    "bullring": 0.3492523217573762,
    "corral": 6.8406663835048676,
    "racecourse": 3.474651277065277,
    "volleyball_court-outdoor": 0.048321374924853444
}