{
    "arena-rodeo": 68.60363483428955,
    "bullring": 0.7483582012355328,
    "corral": 16.685283184051514,
    "racecourse": 13.81044089794159,
    "stable": 0.06032454548403621
}