{
    "arena-rodeo": 57.732367515563965,
    "bullring": 1.0122522711753845,
    "corral": 14.276739954948425,
    "racecourse": 26.902586221694946,
    "stable": 0.02761826617643237
}