{
    "arena-rodeo": 70.52662968635559,
    "bullring": 0.46160435304045677,
    "corral": 21.854467689990997,
    "racecourse": 6.988624483346939,
    "stable": 0.08417607168667018
}