{
    "arena-rodeo": 58.22470784187317,
    "bullring": 0.09818982798606157,
    "corral": 5.276500433683395,
    "racecourse": 36.34225130081177,
    "stable": 0.01889404229586944
}