{
    "arena-rodeo": 56.262052059173584,
    "bullring": 2.8208527714014053,
    "corral": 13.114537298679352,
    "racecourse": 27.59411633014679,
    "stable": 0.1362997922115028
}