{
    "arena-rodeo": 35.67315340042114,
    "bullring": 11.726659536361694,
    "corral": 14.821851253509521,
    "racecourse": 32.26688206195831,
    "volleyball_court-outdoor": 2.5473928079009056
}