{
    "badlands": 12.996271252632141,
    "butte": 5.704483762383461,
    "hayfield": 12.190437316894531,
    "tundra": 6.274908035993576,
    "valley": 8.020098507404327
}