{
    "badlands": 1.0723989456892014,
    "butte": 0.6519432179629803,
    "desert-vegetation": 95.0014054775238,
    "desert_road": 0.5829553585499525,
    "mountain_path": 0.29223961755633354
}