{
    "botanical_garden": 17.244066298007965,
    "fishpond": 21.085843443870544,
    "florist_shop-indoor": 10.688720643520355,
    "rainforest": 5.897065252065659,
    "vegetable_garden": 17.453593015670776
}