{
    "creek": 3.405952826142311,
    "forest-broadleaf": 19.38738077878952,
    "forest_path": 32.97552466392517,
    "mountain_path": 4.437796398997307,
    "rainforest": 15.368422865867615
}