{
    "bamboo_forest": 1.5968963503837585,
    "creek": 2.409970387816429,
    "forest-broadleaf": 36.59226596355438,
    "forest_path": 33.48301947116852,
    "rainforest": 14.976587891578674
}