{
    "canyon": 6.1272237449884415,
    "creek": 11.632395535707474,
    "forest-broadleaf": 10.961274802684784,
    "forest_path": 13.265876471996307,
    "rainforest": 11.317078024148941
}