{
    "creek": 5.532798916101456,
    "forest-broadleaf": 23.375490307807922,
    "forest_path": 34.218576550483704,
    "mountain_path": 2.8475407510995865,
    "rainforest": 14.462661743164062
}