{
    "creek": 5.901974067091942,
    "forest-broadleaf": 31.172382831573486,
    "forest_path": 23.557092249393463,
    "rainforest": 17.181695997714996,
    "waterfall": 2.089216373860836
}