{
    "bamboo_forest": 3.679817169904709,
    "creek": 3.448649123311043,
    "forest-broadleaf": 46.212878823280334,
    "forest_path": 15.869444608688354,
    "rainforest": 20.235171914100647
}