{
    "creek": 8.889543265104294,
    "forest-broadleaf": 15.525166690349579,
    "forest_path": 18.791474401950836,
    "grotto": 4.340026527643204,
    "rainforest": 13.877017796039581
}