{
    "bamboo_forest": 3.6798421293497086,
    "creek": 3.448672592639923,
    "forest-broadleaf": 46.213194727897644,
    "forest_path": 15.86931198835373,
    "rainforest": 20.235002040863037
}