{
    "bamboo_forest": 3.679882362484932,
    "creek": 3.4487105906009674,
    "forest-broadleaf": 46.21299505233765,
    "forest_path": 15.869484841823578,
    "rainforest": 20.234917104244232
}