{
    "creek": 5.171304941177368,
    "forest-broadleaf": 27.745240926742554,
    "forest_path": 31.881749629974365,
    "rainforest": 17.517270147800446,
    "waterfall": 2.183295786380768
}