{
    "creek": 5.901847407221794,
    "forest-broadleaf": 31.17266297340393,
    "forest_path": 23.5567644238472,
    "rainforest": 17.181850969791412,
    "waterfall": 2.0892350003123283
}