{
    "bamboo_forest": 5.515007302165031,
    "creek": 8.107424527406693,
    "forest-broadleaf": 11.774968355894089,
    "forest_path": 13.379892706871033,
    "rainforest": 11.331048607826233
}