{
    "bamboo_forest": 3.679932653903961,
    "creek": 3.4487050026655197,
    "forest-broadleaf": 46.21292054653168,
    "forest_path": 15.869459509849548,
    "rainforest": 20.234882831573486
}