{
    "driveway": 1.0612503625452518,
    "garage-outdoor": 95.78469395637512,
    "loading_dock": 0.40882397443056107,
    "manufactured_home": 0.6744894664734602,
    "residential_neighborhood": 0.18200234044343233
}