{
    "botanical_garden": 1.7090639099478722,
    "fishpond": 45.432111620903015,
    "formal_garden": 2.9380755499005318,
    "japanese_garden": 29.129114747047424,
    "pond": 3.8386445492506027
}