{
    "creek": 3.84804829955101,
    "fishpond": 9.563402831554413,
    "grotto": 4.27163764834404,
    "japanese_garden": 23.268932104110718,
    "pond": 6.0647863894701
}