{
    "fishpond": 10.859965533018112,
    "japanese_garden": 27.00240910053253,
    "pagoda": 3.8915496319532394,
    "pond": 3.4541990607976913,
    "temple-asia": 5.8432456105947495
}