{
    "botanical_garden": 2.649872377514839,
    "fishpond": 21.313218772411346,
    "formal_garden": 3.353102132678032,
    "japanese_garden": 39.80740010738373,
    "pond": 4.578429087996483
}