{
    "botanical_garden": 1.7090126872062683,
    "fishpond": 45.4324871301651,
    "formal_garden": 2.9380550608038902,
    "japanese_garden": 29.128915071487427,
    "pond": 3.8386762142181396
}