{
    "botanical_garden": 4.610057175159454,
    "fishpond": 12.068568915128708,
    "formal_garden": 3.3300641924142838,
    "japanese_garden": 29.662427306175232,
    "pond": 3.7563659250736237
}