{
    "botanical_garden": 1.7090411856770515,
    "fishpond": 45.432549715042114,
    "formal_garden": 2.9380815103650093,
    "japanese_garden": 29.128733277320862,
    "pond": 3.8386814296245575
}