{
    "creek": 1.6491705551743507,
    "fishpond": 8.100242167711258,
    "formal_garden": 3.120182268321514,
    "japanese_garden": 60.98011136054993,
    "pond": 3.299015760421753
}