{
    "fishpond": 10.122694075107574,
    "formal_garden": 4.869035631418228,
    "fountain": 3.760002553462982,
    "japanese_garden": 21.339114010334015,
    "pond": 2.8271660208702087
}