{
    "botanical_garden": 1.709059439599514,
    "fishpond": 45.43234407901764,
    "formal_garden": 2.9380906373262405,
    "japanese_garden": 29.128822684288025,
    "pond": 3.8386933505535126
}