{
    "botanical_garden": 2.9587937518954277,
    "fishpond": 14.611326158046722,
    "fountain": 2.9610292986035347,
    "japanese_garden": 32.9769104719162,
    "pond": 5.0621915608644485
}