{
    "cemetery": 5.205375328660011,
    "fishpond": 4.815618321299553,
    "fountain": 4.109787568449974,
    "japanese_garden": 13.56128454208374,
    "pond": 3.817235305905342
}