{
    "fishpond": 10.859917104244232,
    "japanese_garden": 27.001875638961792,
    "pagoda": 3.8915324956178665,
    "pond": 3.4543152898550034,
    "temple-asia": 5.843308940529823
}