{
    "aqueduct": 11.236695945262909,
    "arch": 7.706732302904129,
    "kasbah": 25.571563839912415,
    "mausoleum": 7.84304141998291,
    "ruin": 14.319853484630585
}