{
    "aqueduct": 9.726366400718689,
    "arch": 10.935146361589432,
    "kasbah": 12.482518702745438,
    "mausoleum": 8.255793154239655,
    "synagogue-outdoor": 9.501489996910095
}