{
    "aqueduct": 49.780869483947754,
    "arch": 5.285435542464256,
    "kasbah": 10.400459915399551,
    "ruin": 5.2680037915706635,
    "viaduct": 6.47965595126152
}