{
    "aqueduct": 11.236872524023056,
    "arch": 7.706619054079056,
    "kasbah": 25.57099163532257,
    "mausoleum": 7.843165844678879,
    "ruin": 14.320079982280731
}