{
    "church-outdoor": 8.320945501327515,
    "kasbah": 19.29842382669449,
    "mausoleum": 10.232829302549362,
    "mosque-outdoor": 10.012272000312805,
    "synagogue-outdoor": 13.756336271762848
}