{
    "arch": 8.462882041931152,
    "church-outdoor": 7.478959113359451,
    "kasbah": 16.67986661195755,
    "mausoleum": 6.77381306886673,
    "synagogue-outdoor": 8.929179608821869
}