{
    "aqueduct": 20.3366681933403,
    "arch": 12.649597227573395,
    "kasbah": 9.281443059444427,
    "mausoleum": 6.524284183979034,
    "ruin": 9.694566577672958
}