{
    "church-outdoor": 7.282013446092606,
    "kasbah": 9.467224031686783,
    "mausoleum": 5.829739943146706,
    "museum-outdoor": 9.64246466755867,
    "synagogue-outdoor": 25.388234853744507
}