{
    "aqueduct": 8.426949381828308,
    "arch": 6.572635471820831,
    "church-outdoor": 7.731823623180389,
    "kasbah": 21.09760344028473,
    "ruin": 10.289448499679565
}