{
    "aqueduct": 11.236850172281265,
    "arch": 7.706604152917862,
    "kasbah": 25.57133138179779,
    "mausoleum": 7.843148708343506,
    "ruin": 14.319832623004913
}