{
    "aqueduct": 11.236821115016937,
    "arch": 7.706701010465622,
    "kasbah": 25.571459531784058,
    "mausoleum": 7.843009382486343,
    "ruin": 14.320012927055359
}