{
    "aqueduct": 9.72646251320839,
    "arch": 10.935088247060776,
    "kasbah": 12.482547014951706,
    "mausoleum": 8.25587511062622,
    "synagogue-outdoor": 9.501438587903976
}