{
    "aqueduct": 10.126925259828568,
    "arch": 4.303085058927536,
    "castle": 5.864056199789047,
    "kasbah": 41.77781343460083,
    "ruin": 13.304384052753448
}