{
    "bedroom": 8.968841284513474,
    "childs_room": 13.488706946372986,
    "living_room": 7.0062898099422455,
    "nursery": 16.391843557357788,
    "youth_hostel": 8.480004966259003
}