{
    "dorm_room": 13.413603603839874,
    "living_room": 5.742858350276947,
    "television_room": 5.515947192907333,
    "waiting_room": 20.511123538017273,
    "youth_hostel": 12.151511013507843
}