{
    "bedroom": 7.336702197790146,
    "berth": 5.768361315131187,
    "dorm_room": 8.14288929104805,
    "hotel_room": 6.151266768574715,
    "youth_hostel": 13.335216045379639
}