{
    "dorm_room": 13.41351866722107,
    "living_room": 5.74299693107605,
    "television_room": 5.515911430120468,
    "waiting_room": 20.51130384206772,
    "youth_hostel": 12.151247262954712
}