{
    "dorm_room": 13.413462042808533,
    "living_room": 5.742797628045082,
    "television_room": 5.515972897410393,
    "waiting_room": 20.511531829833984,
    "youth_hostel": 12.151197344064713
}