{
    "dorm_room": 13.413557410240173,
    "living_room": 5.742750316858292,
    "television_room": 5.516012012958527,
    "waiting_room": 20.511363446712494,
    "youth_hostel": 12.15146780014038
}