{
    "dorm_room": 10.644473880529404,
    "living_room": 10.340618342161179,
    "television_room": 12.741905450820923,
    "waiting_room": 10.04413366317749,
    "youth_hostel": 8.450011163949966
}