{
    "childs_room": 5.548711493611336,
    "dorm_room": 6.809116154909134,
    "nursery": 12.584415078163147,
    "playroom": 5.469692870974541,
    "youth_hostel": 15.024158358573914
}