{
    "bedroom": 8.326378464698792,
    "childs_room": 7.887648791074753,
    "dorm_room": 13.90644907951355,
    "hotel_room": 6.7173875868320465,
    "youth_hostel": 25.41700303554535
}