{
    "childs_room": 10.393623262643814,
    "dorm_room": 9.945397824048996,
    "living_room": 10.46811118721962,
    "waiting_room": 13.234952092170715,
    "youth_hostel": 7.350752502679825
}