{
    "bedroom": 8.593668043613434,
    "childs_room": 11.105262488126755,
    "dorm_room": 13.911490142345428,
    "nursery": 13.720808923244476,
    "youth_hostel": 20.18357962369919
}