{
    "dorm_room": 8.259368687868118,
    "living_room": 10.492406040430069,
    "television_room": 5.379068106412888,
    "waiting_room": 26.53210759162903,
    "youth_hostel": 6.578816473484039
}