{
    "dorm_room": 8.259149640798569,
    "living_room": 10.492608696222305,
    "television_room": 5.379090458154678,
    "waiting_room": 26.53181254863739,
    "youth_hostel": 6.57874271273613
}