{
    "bazaar-indoor": 8.14727172255516,
    "bazaar-outdoor": 21.985216438770294,
    "beer_garden": 3.4012015908956528,
    "flea_market-indoor": 7.91352316737175,
    "market-outdoor": 15.224182605743408
}