{
    "bazaar-indoor": 12.783101201057434,
    "bazaar-outdoor": 18.859076499938965,
    "flea_market-indoor": 4.909597337245941,
    "market-outdoor": 6.180465966463089,
    "street": 5.998728424310684
}