{
    "bazaar-indoor": 11.722208559513092,
    "bazaar-outdoor": 21.488021314144135,
    "flea_market-indoor": 8.820617198944092,
    "market-outdoor": 14.429566264152527,
    "street": 4.6445585787296295
}