{
    "bazaar-indoor": 9.870205074548721,
    "bazaar-outdoor": 15.162867307662964,
    "flea_market-indoor": 7.623147964477539,
    "market-outdoor": 6.460210680961609,
    "slum": 6.890828907489777
}