{
    "bazaar-indoor": 18.204250931739807,
    "bazaar-outdoor": 23.516210913658142,
    "flea_market-indoor": 14.097882807254791,
    "market-outdoor": 7.117420434951782,
    "slum": 4.073803871870041
}