{
    "bazaar-indoor": 9.870225936174393,
    "bazaar-outdoor": 15.163247287273407,
    "flea_market-indoor": 7.623047381639481,
    "market-outdoor": 6.460224837064743,
    "slum": 6.890738755464554
}