{
    "bazaar-indoor": 9.368941932916641,
    "bazaar-outdoor": 15.88151603937149,
    "flea_market-indoor": 7.113771140575409,
    "market-outdoor": 5.6744057685136795,
    "slum": 10.393285006284714
}