{
    "bazaar-outdoor": 12.941166758537292,
    "beer_garden": 5.463854596018791,
    "market-outdoor": 12.676635384559631,
    "plaza": 5.3160302340984344,
    "street": 5.822014436125755
}