{
    "bazaar-indoor": 9.870149940252304,
    "bazaar-outdoor": 15.163131058216095,
    "flea_market-indoor": 7.623105496168137,
    "market-outdoor": 6.460274010896683,
    "slum": 6.890790909528732
}