{
    "alley": 4.38166931271553,
    "bazaar-indoor": 7.394959777593613,
    "bazaar-outdoor": 11.03132739663124,
    "slum": 8.126113563776016,
    "street": 9.322535991668701
}