{
    "bazaar-outdoor": 27.592208981513977,
    "flea_market-indoor": 5.274428799748421,
    "market-outdoor": 12.307468056678772,
    "slum": 5.328384041786194,
    "street": 11.6237074136734
}