{
    "bazaar-indoor": 18.20414364337921,
    "bazaar-outdoor": 23.516251146793365,
    "flea_market-indoor": 14.098015427589417,
    "market-outdoor": 7.117323577404022,
    "slum": 4.073810949921608
}