{
    "bazaar-indoor": 9.870247542858124,
    "bazaar-outdoor": 15.16316533088684,
    "flea_market-indoor": 7.623063772916794,
    "market-outdoor": 6.460238993167877,
    "slum": 6.890753656625748
}