{
    "archive": 5.482148379087448,
    "atrium-public": 3.830544650554657,
    "library-indoor": 9.961484372615814,
    "lobby": 5.270159989595413,
    "mezzanine": 13.650786876678467
}