{
    "arcade": 12.85279095172882,
    "atrium-public": 9.045343846082687,
    "lobby": 7.69292414188385,
    "mezzanine": 12.810595333576202,
    "shopping_mall-indoor": 4.810621216893196
}