{
    "arcade": 6.266148388385773,
    "atrium-public": 10.49574613571167,
    "lobby": 8.83864089846611,
    "mezzanine": 17.42817610502243,
    "shopping_mall-indoor": 9.632760286331177
}