{
    "arcade": 6.266225874423981,
    "atrium-public": 10.49555391073227,
    "lobby": 8.838748931884766,
    "mezzanine": 17.428390681743622,
    "shopping_mall-indoor": 9.632878005504608
}