{
    "arcade": 6.266191601753235,
    "atrium-public": 10.495575517416,
    "lobby": 8.838767558336258,
    "mezzanine": 17.428161203861237,
    "shopping_mall-indoor": 9.63282585144043
}