{
    "arcade": 4.283821955323219,
    "atrium-public": 5.736609175801277,
    "lobby": 9.55890491604805,
    "mezzanine": 9.252092987298965,
    "staircase": 3.8507308810949326
}