{
    "arcade": 11.432865262031555,
    "elevator_lobby": 5.285794660449028,
    "lobby": 11.659959703683853,
    "mezzanine": 7.255648076534271,
    "shopping_mall-indoor": 5.325017496943474
}