{
    "alley": 8.449338376522064,
    "arcade": 9.150701761245728,
    "atrium-public": 9.125533699989319,
    "lobby": 7.850214093923569,
    "shopping_mall-indoor": 6.3111454248428345
}