{
    "arcade": 6.266195327043533,
    "atrium-public": 10.49550324678421,
    "lobby": 8.838773518800735,
    "mezzanine": 17.428438365459442,
    "shopping_mall-indoor": 9.632831811904907
}