{
    "airport_terminal": 3.1002121046185493,
    "atrium-public": 8.17638710141182,
    "lobby": 10.759556293487549,
    "mezzanine": 13.809852302074432,
    "shopping_mall-indoor": 8.020199835300446
}