{
    "alley": 8.449351787567139,
    "arcade": 9.150717407464981,
    "atrium-public": 9.125617891550064,
    "lobby": 7.850466668605804,
    "shopping_mall-indoor": 6.31115585565567
}