{
    "atrium-public": 7.742281258106232,
    "entrance_hall": 5.024487152695656,
    "lobby": 9.350737929344177,
    "mezzanine": 15.737269818782806,
    "shopping_mall-indoor": 5.1773011684417725
}