{
    "alley": 6.0908932238817215,
    "arcade": 9.057004749774933,
    "corridor": 4.22554537653923,
    "elevator_lobby": 3.555959090590477,
    "lobby": 6.708139926195145
}