{
    "mountain": 18.751907348632812,
    "mountain_path": 9.743960201740265,
    "mountain_snowy": 8.614248782396317,
    "valley": 12.705515325069427,
    "volcano": 9.309463948011398
}