{
    "desert-vegetation": 6.216990947723389,
    "mountain": 21.348021924495697,
    "mountain_path": 7.388663291931152,
    "valley": 10.125722736120224,
    "volcano": 18.90724003314972
}