{
    "desert-vegetation": 8.28448161482811,
    "mountain": 21.10261619091034,
    "mountain_path": 8.530130982398987,
    "valley": 11.570162326097488,
    "volcano": 11.594375222921371
}