{
    "mountain": 13.142921030521393,
    "mountain_path": 5.464257299900055,
    "mountain_snowy": 5.237234383821487,
    "valley": 3.5582654178142548,
    "volcano": 50.00896453857422
}