{
    "desert-vegetation": 8.284340798854828,
    "mountain": 21.102900803089142,
    "mountain_path": 8.529985696077347,
    "valley": 11.569789052009583,
    "volcano": 11.594531685113907
}