{
    "mountain": 12.36933097243309,
    "mountain_path": 7.767061144113541,
    "valley": 14.013722538948059,
    "village": 9.62589830160141,
    "volcano": 11.039473116397858
}