{
    "mountain": 22.274810075759888,
    "mountain_path": 7.345733046531677,
    "mountain_snowy": 6.227207183837891,
    "valley": 12.541642785072327,
    "volcano": 15.642422437667847
}