{
    "desert-vegetation": 8.284467458724976,
    "mountain": 21.102577447891235,
    "mountain_path": 8.529985696077347,
    "valley": 11.570141464471817,
    "volcano": 11.5943543612957
}