{
    "mountain": 24.105095863342285,
    "mountain_path": 6.037473678588867,
    "mountain_snowy": 7.538677752017975,
    "valley": 9.323026239871979,
    "volcano": 26.45871937274933
}