{
    "mountain": 17.28398948907852,
    "mountain_path": 9.20259803533554,
    "mountain_snowy": 6.6944509744644165,
    "valley": 12.055035680532455,
    "volcano": 24.432048201560974
}