{
    "mountain": 16.324059665203094,
    "mountain_path": 12.196993827819824,
    "mountain_snowy": 11.276331543922424,
    "valley": 7.588034123182297,
    "volcano": 28.567984700202942
}