{
    "desert-vegetation": 8.284490555524826,
    "mountain": 21.102316677570343,
    "mountain_path": 8.530010282993317,
    "valley": 11.570174247026443,
    "volcano": 11.594564467668533
}