{
    "mountain": 22.27494716644287,
    "mountain_path": 7.345834374427795,
    "mountain_snowy": 6.227245181798935,
    "valley": 12.541529536247253,
    "volcano": 15.642279386520386
}