{
    "gazebo-exterior": 18.292763829231262,
    "mausoleum": 0.555334659293294,
    "pagoda": 50.52528381347656,
    "pavilion": 2.0768536254763603,
    "temple-asia": 24.58595037460327
}