{
    "gazebo-exterior": 0.09900123113766313,
    "japanese_garden": 0.018177802849095315,
    "pagoda": 91.01423025131226,
    "pavilion": 0.02126400504494086,
    "temple-asia": 8.790258318185806
}