{
    "gazebo-exterior": 0.34864426124840975,
    "japanese_garden": 0.046530383406206965,
    "pagoda": 83.8827908039093,
    "pavilion": 0.05861027166247368,
    "temple-asia": 15.402817726135254
}