{
    "gazebo-exterior": 1.3287242501974106,
    "japanese_garden": 0.17895830096676946,
    "pagoda": 65.73304533958435,
    "pavilion": 0.4003060981631279,
    "temple-asia": 31.302455067634583
}