{
    "gazebo-exterior": 8.652538806200027,
    "mausoleum": 0.4068019799888134,
    "pagoda": 46.27646505832672,
    "pavilion": 2.908848412334919,
    "temple-asia": 37.81675100326538
}