{
    "gazebo-exterior": 0.6974516902118921,
    "pagoda": 80.5529773235321,
    "palace": 0.027048916672356427,
    "pavilion": 0.1527919084765017,
    "temple-asia": 18.342848122119904
}