{
    "gazebo-exterior": 0.09900288423523307,
    "japanese_garden": 0.018176996672991663,
    "pagoda": 91.01436138153076,
    "pavilion": 0.021264361566863954,
    "temple-asia": 8.790136128664017
}