{
    "gazebo-exterior": 1.433881651610136,
    "pagoda": 81.93490505218506,
    "palace": 0.1055991742759943,
    "pavilion": 0.11355875758454204,
    "temple-asia": 15.762841701507568
}