{
    "gazebo-exterior": 0.09900260483846068,
    "japanese_garden": 0.018178053142037243,
    "pagoda": 91.01410508155823,
    "pavilion": 0.021263652888592333,
    "temple-asia": 8.790379762649536
}