{
    "gazebo-exterior": 0.09900699369609356,
    "japanese_garden": 0.018178028403781354,
    "pagoda": 91.01397395133972,
    "pavilion": 0.021263945382088423,
    "temple-asia": 8.790501207113266
}