{
    "gazebo-exterior": 0.7594284601509571,
    "mausoleum": 0.11881712125614285,
    "pagoda": 68.59772205352783,
    "pavilion": 0.2681183163076639,
    "temple-asia": 29.362937808036804
}