{
    "gazebo-exterior": 0.6974218878895044,
    "pagoda": 80.5532157421112,
    "palace": 0.027048992342315614,
    "pavilion": 0.1527970191091299,
    "temple-asia": 18.342623114585876
}