{
    "gazebo-exterior": 1.4655773527920246,
    "mausoleum": 0.07634088397026062,
    "pagoda": 71.17800116539001,
    "pavilion": 0.20896019414067268,
    "temple-asia": 26.68853998184204
}