{
    "baseball_field": 2.67652440816164,
    "playground": 29.03490960597992,
    "sandbox": 23.33839386701584,
    "volleyball_court-outdoor": 7.488194108009338,
    "water_park": 3.202524781227112
}