{
    "athletic_field-outdoor": 7.655505836009979,
    "park": 5.786664038896561,
    "playground": 18.238240480422974,
    "sandbox": 14.788945019245148,
    "volleyball_court-outdoor": 9.384660422801971
}