{
    "baseball_field": 2.676544524729252,
    "playground": 29.03490662574768,
    "sandbox": 23.33839237689972,
    "volleyball_court-outdoor": 7.488307356834412,
    "water_park": 3.202548995614052
}