{
    "boat_deck": 2.356669493019581,
    "playground": 21.518635749816895,
    "sandbox": 20.067214965820312,
    "volleyball_court-outdoor": 8.329278975725174,
    "water_park": 7.271470129489899
}