{
    "athletic_field-outdoor": 3.0838148668408394,
    "playground": 8.56635570526123,
    "sandbox": 39.78761434555054,
    "volleyball_court-outdoor": 12.929175794124603,
    "water_park": 7.491859048604965
}