{
    "athletic_field-outdoor": 2.8633996844291687,
    "park": 4.900888726115227,
    "playground": 36.36660277843475,
    "sandbox": 10.689753293991089,
    "volleyball_court-outdoor": 6.549188494682312
}