{
    "athletic_field-outdoor": 10.038034617900848,
    "park": 5.76339066028595,
    "playground": 27.182522416114807,
    "sandbox": 13.814899325370789,
    "soccer_field": 6.741376966238022
}