{
    "playground": 4.5037321746349335,
    "raft": 1.07518769800663,
    "sandbox": 77.92895436286926,
    "volleyball_court-outdoor": 2.958536520600319,
    "water_park": 2.279265783727169
}