{
    "campsite": 1.8228903412818909,
    "picnic_area": 2.609695680439472,
    "playground": 10.034715384244919,
    "sandbox": 65.22025465965271,
    "water_park": 3.7619922310113907
}