{
    "athletic_field-outdoor": 10.038038343191147,
    "park": 5.7634372264146805,
    "playground": 27.182742953300476,
    "sandbox": 13.814589381217957,
    "soccer_field": 6.741225719451904
}