{
    "campsite": 1.563277281820774,
    "playground": 8.107426762580872,
    "sandbox": 57.378774881362915,
    "volleyball_court-outdoor": 7.971447706222534,
    "water_park": 2.3484406992793083
}