{
    "baseball_field": 2.67654936760664,
    "playground": 29.03473973274231,
    "sandbox": 23.338256776332855,
    "volleyball_court-outdoor": 7.488378137350082,
    "water_park": 3.2025545835494995
}