{
    "baseball_field": 2.6765458285808563,
    "playground": 29.034700989723206,
    "sandbox": 23.338583111763,
    "volleyball_court-outdoor": 7.48831182718277,
    "water_park": 3.202502056956291
}