{
    "driveway": 5.4326750338077545,
    "fire_station": 6.081986799836159,
    "garage-outdoor": 25.206249952316284,
    "loading_dock": 4.89533543586731,
    "manufactured_home": 22.001391649246216
}