{
    "arcade": 7.03359991312027,
    "atrium-public": 7.767804712057114,
    "hotel-outdoor": 7.255209982395172,
    "lobby": 5.164337530732155,
    "shopping_mall-indoor": 16.920296847820282
}