{
    "arcade": 9.3457892537117,
    "courtyard": 3.9496853947639465,
    "plaza": 5.515188351273537,
    "shopping_mall-indoor": 9.839090704917908,
    "street": 4.073632135987282
}