{
    "arcade": 9.00615006685257,
    "bazaar-indoor": 5.158201977610588,
    "lobby": 3.111136332154274,
    "plaza": 4.114140197634697,
    "shopping_mall-indoor": 5.956109240651131
}