{
    "arcade": 7.033576816320419,
    "atrium-public": 7.7678382396698,
    "hotel-outdoor": 7.2552405297756195,
    "lobby": 5.164438486099243,
    "shopping_mall-indoor": 16.920369863510132
}