{
    "arcade": 11.327029019594193,
    "atrium-public": 6.929808109998703,
    "entrance_hall": 3.839227929711342,
    "lobby": 6.79253414273262,
    "shopping_mall-indoor": 13.511607050895691
}