{
    "arcade": 9.006250649690628,
    "bazaar-indoor": 5.158180743455887,
    "lobby": 3.111123852431774,
    "plaza": 4.114123806357384,
    "shopping_mall-indoor": 5.956084281206131
}