{
    "arcade": 9.00622010231018,
    "bazaar-indoor": 5.158202350139618,
    "lobby": 3.1111132353544235,
    "plaza": 4.114140942692757,
    "shopping_mall-indoor": 5.956019088625908
}