{
    "airport_terminal": 4.383215680718422,
    "arcade": 9.774872660636902,
    "atrium-public": 8.332617580890656,
    "lobby": 10.05987897515297,
    "shopping_mall-indoor": 25.16503930091858
}