{
    "arcade": 10.645540803670883,
    "atrium-public": 6.740491092205048,
    "courtyard": 5.082325264811516,
    "lobby": 5.183078721165657,
    "shopping_mall-indoor": 14.095628261566162
}