{
    "arcade": 2.3687511682510376,
    "booth-indoor": 5.526157468557358,
    "department_store": 4.061572998762131,
    "hardware_store": 2.77118943631649,
    "shopping_mall-indoor": 4.972738027572632
}