{
    "arcade": 4.2153868824243546,
    "bazaar-indoor": 5.943243205547333,
    "department_store": 5.128636211156845,
    "gift_shop": 3.651789575815201,
    "shopping_mall-indoor": 5.780375748872757
}