{
    "airport_terminal": 5.285407975316048,
    "arcade": 11.40545830130577,
    "atrium-public": 5.450356751680374,
    "plaza": 5.1757898181676865,
    "shopping_mall-indoor": 12.310713529586792
}