{
    "arcade": 9.006243199110031,
    "bazaar-indoor": 5.158137157559395,
    "lobby": 3.111097402870655,
    "plaza": 4.114151746034622,
    "shopping_mall-indoor": 5.956034362316132
}