{
    "airplane_cabin": 12.93187290430069,
    "bus_interior": 4.69542071223259,
    "home_theater": 6.431899219751358,
    "movie_theater-indoor": 4.567863792181015,
    "train_interior": 14.048343896865845
}