{
    "airplane_cabin": 8.607161045074463,
    "attic": 4.6888526529073715,
    "home_theater": 13.603092730045319,
    "movie_theater-indoor": 3.908606991171837,
    "train_interior": 8.350751549005508
}