{
    "airplane_cabin": 8.607051521539688,
    "attic": 4.688935726881027,
    "home_theater": 13.60291987657547,
    "movie_theater-indoor": 3.9087362587451935,
    "train_interior": 8.35077315568924
}