{
    "airplane_cabin": 8.6073137819767,
    "attic": 4.688864201307297,
    "home_theater": 13.60291838645935,
    "movie_theater-indoor": 3.9087362587451935,
    "train_interior": 8.350645005702972
}