{
    "airplane_cabin": 23.940348625183105,
    "attic": 8.261578530073166,
    "berth": 5.726821348071098,
    "bus_interior": 3.9967454969882965,
    "train_interior": 12.439624220132828
}