{
    "airplane_cabin": 4.444164410233498,
    "locker_room": 3.038482367992401,
    "music_studio": 4.049298912286758,
    "television_studio": 3.5025853663682938,
    "train_interior": 3.6242887377738953
}