{
    "airplane_cabin": 7.050646096467972,
    "attic": 4.324234649538994,
    "legislative_chamber": 2.89981123059988,
    "movie_theater-indoor": 3.6731798201799393,
    "train_interior": 4.481423646211624
}