{
    "elevator-door": 2.441072277724743,
    "galley": 3.3242523670196533,
    "home_theater": 4.510866478085518,
    "locker_room": 3.869137540459633,
    "server_room": 4.496743902564049
}