{
    "airplane_cabin": 12.931600213050842,
    "bus_interior": 4.695536941289902,
    "home_theater": 6.432057172060013,
    "movie_theater-indoor": 4.567837342619896,
    "train_interior": 14.04847651720047
}