{
    "home_theater": 5.290159210562706,
    "office_cubicles": 5.132995545864105,
    "recreation_room": 7.7081263065338135,
    "server_room": 4.337578639388084,
    "train_interior": 4.777839034795761
}