{
    "home_theater": 10.141108185052872,
    "locker_room": 3.6961976438760757,
    "movie_theater-indoor": 8.559498935937881,
    "recreation_room": 2.8312286362051964,
    "sauna": 4.830396547913551
}