{
    "airplane_cabin": 8.607012033462524,
    "attic": 4.6889860183000565,
    "home_theater": 13.603271543979645,
    "movie_theater-indoor": 3.90859916806221,
    "train_interior": 8.350734412670135
}