{
    "attic": 4.046445339918137,
    "basement": 3.2019298523664474,
    "elevator_shaft": 5.44787161052227,
    "music_studio": 5.521012097597122,
    "staircase": 5.201251432299614
}