{
    "lagoon": 3.780851513147354,
    "raft": 23.899000883102417,
    "swimming_hole": 45.36963701248169,
    "watering_hole": 2.8899582102894783,
    "wave": 7.400064170360565
}