{
    "lagoon": 4.854506254196167,
    "raft": 50.38136839866638,
    "swimming_hole": 18.910209834575653,
    "watering_hole": 5.97916767001152,
    "wave": 2.8827903792262077
}