{
    "creek": 5.614160746335983,
    "hot_spring": 8.006774634122849,
    "raft": 7.823564112186432,
    "swimming_hole": 27.583739161491394,
    "watering_hole": 13.940629363059998
}