{
    "coast": 2.7983326464891434,
    "lagoon": 6.271594762802124,
    "raft": 27.894562482833862,
    "river": 4.376207664608955,
    "swimming_hole": 30.843034386634827
}