{
    "lagoon": 3.7807125598192215,
    "raft": 23.89848679304123,
    "swimming_hole": 45.370739698410034,
    "watering_hole": 2.889939956367016,
    "wave": 7.399904727935791
}