{
    "creek": 1.8905792385339737,
    "lagoon": 1.0343410074710846,
    "raft": 62.81359791755676,
    "river": 1.74302589148283,
    "swimming_hole": 23.595434427261353
}