{
    "creek": 5.614196136593819,
    "hot_spring": 8.006579428911209,
    "raft": 7.8234948217868805,
    "swimming_hole": 27.583909034729004,
    "watering_hole": 13.940715789794922
}