{
    "crevasse": 13.825392723083496,
    "glacier": 6.340165436267853,
    "iceberg": 14.581595361232758,
    "mountain_snowy": 12.795180082321167,
    "wave": 7.8672610223293304
}