{
    "creek": 0.6468566134572029,
    "lagoon": 0.890015996992588,
    "raft": 72.79474139213562,
    "river": 0.8917967788875103,
    "swimming_hole": 20.23581713438034
}