{
    "creek": 5.61419203877449,
    "hot_spring": 8.006573468446732,
    "raft": 7.823488116264343,
    "swimming_hole": 27.58389115333557,
    "watering_hole": 13.940705358982086
}