{
    "creek": 5.614212900400162,
    "hot_spring": 8.00660327076912,
    "raft": 7.823517918586731,
    "swimming_hole": 27.58399248123169,
    "watering_hole": 13.94033432006836
}