{
    "raft": 47.275519371032715,
    "river": 1.3153445906937122,
    "swimming_hole": 34.51343774795532,
    "watering_hole": 3.800446540117264,
    "wave": 2.692515589296818
}