{
    "lagoon": 0.2539239125326276,
    "raft": 94.34139728546143,
    "river": 0.3249991685152054,
    "swimming_hole": 2.100043185055256,
    "wave": 1.1882081627845764
}