{
    "carrousel": 2.34396830201149,
    "gazebo-exterior": 34.536197781562805,
    "pavilion": 22.164252400398254,
    "temple-asia": 3.6209210753440857,
    "tree_house": 5.033022537827492
}