{
    "mountain": 12.58590817451477,
    "mountain_path": 11.731088161468506,
    "mountain_snowy": 6.621488183736801,
    "tundra": 6.002496927976608,
    "valley": 9.366405755281448
}