{
    "arena-performance": 10.426156967878342,
    "football_field": 5.457102134823799,
    "raft": 8.081211894750595,
    "stadium-football": 5.698175728321075,
    "stage-outdoor": 12.519577145576477
}