{
    "bazaar-outdoor": 7.2051748633384705,
    "flea_market-indoor": 5.714479461312294,
    "landfill": 5.997684970498085,
    "market-outdoor": 7.177194207906723,
    "toyshop": 4.917590320110321
}