{
    "arena-performance": 2.795778587460518,
    "auditorium": 3.05520910769701,
    "beer_garden": 3.122320957481861,
    "stadium-football": 2.387910336256027,
    "stage-outdoor": 3.9028752595186234
}