{
    "amusement_park": 2.54735816270113,
    "landfill": 4.356406256556511,
    "raft": 2.7907760813832283,
    "stage-outdoor": 3.537088632583618,
    "toyshop": 2.7637815102934837
}