{
    "arena-performance": 9.668799489736557,
    "football_field": 9.895671904087067,
    "stadium-football": 11.247195303440094,
    "stadium-soccer": 3.7928905338048935,
    "stage-outdoor": 9.723244607448578
}