{
    "arena-performance": 2.795786038041115,
    "auditorium": 3.0552638694643974,
    "beer_garden": 3.1223291531205177,
    "stadium-football": 2.387898415327072,
    "stage-outdoor": 3.9028260856866837
}