{
    "football_field": 6.879064440727234,
    "stadium-baseball": 4.302149638533592,
    "stadium-football": 8.639346808195114,
    "stadium-soccer": 4.607158899307251,
    "toyshop": 3.636202961206436
}