{
    "arena-performance": 5.54150827229023,
    "football_field": 6.026504933834076,
    "landfill": 7.496044784784317,
    "stadium-football": 7.4280694127082825,
    "stage-outdoor": 12.78080940246582
}