{
    "arena-performance": 5.541623383760452,
    "football_field": 6.02644607424736,
    "landfill": 7.495914399623871,
    "stadium-football": 7.428223639726639,
    "stage-outdoor": 12.780685722827911
}