{
    "arena-performance": 7.915074378252029,
    "basketball_court-indoor": 4.386185854673386,
    "football_field": 10.520146787166595,
    "raft": 6.378990411758423,
    "stadium-football": 10.872740298509598
}