{
    "arena-performance": 2.7957668527960777,
    "auditorium": 3.055313229560852,
    "beer_garden": 3.1223319470882416,
    "stadium-football": 2.387845888733864,
    "stage-outdoor": 3.9028890430927277
}