{
    "arena-performance": 2.7958059683442116,
    "auditorium": 3.0553091317415237,
    "beer_garden": 3.122279979288578,
    "stadium-football": 2.38795205950737,
    "stage-outdoor": 3.9029136300086975
}