{
    "arena-performance": 4.002679884433746,
    "beer_garden": 7.206810265779495,
    "beer_hall": 3.3115223050117493,
    "flea_market-indoor": 7.601114362478256,
    "stage-outdoor": 4.798811674118042
}