{
    "desert-vegetation": 3.3782199025154114,
    "mountain": 5.727287381887436,
    "mountain_snowy": 1.9309410825371742,
    "valley": 2.330261655151844,
    "volcano": 73.05864691734314
}