{
    "aqueduct": 64.27477598190308,
    "arch": 6.480678170919418,
    "castle": 2.4662522599101067,
    "ruin": 7.1197509765625,
    "viaduct": 10.189473628997803
}