{
    "aqueduct": 43.9428985118866,
    "arch": 8.414720743894577,
    "rock_arch": 11.237870156764984,
    "ruin": 19.94278132915497,
    "viaduct": 3.612946718931198
}