{
    "aqueduct": 40.17545282840729,
    "arch": 16.555535793304443,
    "rock_arch": 9.589653462171555,
    "ruin": 15.230511128902435,
    "viaduct": 3.5525228828191757
}