{
    "arcade": 27.332651615142822,
    "arch": 3.2267816364765167,
    "church-indoor": 24.553972482681274,
    "entrance_hall": 6.342265754938126,
    "throne_room": 25.32760202884674
}