{
    "arcade": 34.308505058288574,
    "arch": 1.4328282326459885,
    "church-indoor": 10.443803668022156,
    "entrance_hall": 3.970831260085106,
    "throne_room": 43.02758574485779
}