{
    "arcade": 57.153499126434326,
    "arch": 6.038014590740204,
    "church-indoor": 8.615730702877045,
    "courtyard": 3.620375320315361,
    "throne_room": 7.949182391166687
}