{
    "arcade": 8.00076350569725,
    "arch": 9.512166678905487,
    "church-indoor": 41.78402125835419,
    "entrance_hall": 4.077732563018799,
    "throne_room": 26.59989297389984
}