{
    "arcade": 8.00061821937561,
    "arch": 9.512210637331009,
    "church-indoor": 41.784533858299255,
    "entrance_hall": 4.077719897031784,
    "throne_room": 26.599612832069397
}