{
    "arcade": 56.71650171279907,
    "arch": 2.510382793843746,
    "church-indoor": 11.56519502401352,
    "entrance_hall": 2.5072434917092323,
    "throne_room": 16.249673068523407
}