{
    "amusement_arcade": 4.19677272439003,
    "bank_vault": 7.373268157243729,
    "elevator-door": 7.055079936981201,
    "phone_booth": 16.16341322660446,
    "ticket_booth": 8.619830012321472
}