{
    "amusement_arcade": 7.909982651472092,
    "bank_vault": 4.573582857847214,
    "gas_station": 9.603849798440933,
    "phone_booth": 10.723436623811722,
    "ticket_booth": 5.8259181678295135
}