{
    "amusement_arcade": 3.856024518609047,
    "art_gallery": 3.0707744881510735,
    "booth-indoor": 3.6035317927598953,
    "museum-indoor": 2.8070542961359024,
    "ticket_booth": 3.575693443417549
}