{
    "amusement_arcade": 4.69292439520359,
    "cockpit": 5.219979956746101,
    "gas_station": 11.231231689453125,
    "motel": 8.787358552217484,
    "ticket_booth": 4.8914991319179535
}