{
    "amusement_arcade": 4.981008917093277,
    "bank_vault": 3.271264210343361,
    "gas_station": 5.310596525669098,
    "phone_booth": 4.7121841460466385,
    "ticket_booth": 9.344951808452606
}