{
    "amusement_arcade": 3.8559511303901672,
    "art_gallery": 3.070739284157753,
    "booth-indoor": 3.6035869270563126,
    "museum-indoor": 2.807065285742283,
    "ticket_booth": 3.575720638036728
}