{
    "balcony-exterior": 4.65814396739006,
    "campus": 7.689537853002548,
    "formal_garden": 5.381448566913605,
    "hospital": 5.423324555158615,
    "roof_garden": 10.644472390413284
}