{
    "balcony-exterior": 4.599355906248093,
    "balcony-interior": 3.5593442618846893,
    "campus": 7.848279923200607,
    "hospital": 10.798931866884232,
    "roof_garden": 11.268848180770874
}