{
    "balcony-exterior": 7.921334356069565,
    "campus": 8.438780903816223,
    "courtyard": 5.645422264933586,
    "hospital": 5.488162115216255,
    "roof_garden": 5.505944043397903
}