{
    "butte": 32.050514221191406,
    "cliff": 2.0360805094242096,
    "desert-sand": 28.22885811328888,
    "ice_shelf": 2.137182652950287,
    "islet": 6.058057025074959
}