{
    "badlands": 6.415524333715439,
    "butte": 17.12866574525833,
    "desert-sand": 11.080380529165268,
    "ice_floe": 3.9641164243221283,
    "ice_shelf": 7.444807142019272
}