{
    "butte": 32.92532563209534,
    "castle": 3.162303939461708,
    "desert-sand": 12.004177272319794,
    "islet": 4.073510691523552,
    "kasbah": 3.9007555693387985
}