{
    "arena-rodeo": 59.49392914772034,
    "bullring": 0.949151162058115,
    "corral": 8.391296863555908,
    "racecourse": 30.835387110710144,
    "stable": 0.27195296715945005
}