{
    "arena-rodeo": 33.64395797252655,
    "bullring": 5.216504260897636,
    "corral": 22.290465235710144,
    "racecourse": 38.42553794384003,
    "stable": 0.16019109170883894
}