{
    "arena-rodeo": 67.13295578956604,
    "bullring": 0.5433932412415743,
    "corral": 18.574711680412292,
    "racecourse": 13.525626063346863,
    "stable": 0.20974306389689445
}