{
    "arena-rodeo": 66.92257523536682,
    "bullring": 0.7200032472610474,
    "corral": 3.1829170882701874,
    "racecourse": 29.075482487678528,
    "stable": 0.07180527318269014
}