{
    "arena-rodeo": 20.14894187450409,
    "bullring": 1.1242539621889591,
    "corral": 28.74029278755188,
    "racecourse": 49.74561035633087,
    "stable": 0.19773382227867842
}