{
    "arena-rodeo": 33.6444228887558,
    "bullring": 5.216535925865173,
    "corral": 22.290602326393127,
    "racecourse": 38.42489421367645,
    "stable": 0.16019450267776847
}