{
    "badlands": 7.120927423238754,
    "hayfield": 13.134114444255829,
    "pasture": 5.324912071228027,
    "tundra": 5.497129634022713,
    "wheat_field": 6.010254472494125
}