{
    "badlands": 15.089640021324158,
    "desert-sand": 4.3048229068517685,
    "hayfield": 5.99922239780426,
    "rice_paddy": 4.653415828943253,
    "wheat_field": 19.760341942310333
}