{
    "badlands": 11.10798716545105,
    "hayfield": 9.017373621463776,
    "rice_paddy": 10.157085955142975,
    "tundra": 6.047422811388969,
    "wheat_field": 10.3143610060215
}