{
    "desert-vegetation": 45.09768486022949,
    "mountain": 3.2774504274129868,
    "mountain_path": 6.388019025325775,
    "tree_farm": 7.4438899755477905,
    "valley": 4.628368094563484
}