{
    "desert-vegetation": 11.738644540309906,
    "mountain_path": 3.1006697565317154,
    "orchard": 8.493432402610779,
    "tree_farm": 21.55676633119583,
    "vineyard": 11.53683289885521
}