{
    "desert-vegetation": 71.25396132469177,
    "mountain_path": 4.125953838229179,
    "tree_farm": 3.6908138543367386,
    "valley": 1.3093302957713604,
    "vineyard": 1.647237315773964
}