{
    "botanical_garden": 18.71429681777954,
    "field-wild": 2.9050009325146675,
    "florist_shop-indoor": 29.231777787208557,
    "orchard": 4.7797542065382,
    "vegetable_garden": 24.86477643251419
}