{
    "botanical_garden": 15.269717574119568,
    "fishpond": 5.587495118379593,
    "florist_shop-indoor": 40.915048122406006,
    "orchard": 3.6903485655784607,
    "vegetable_garden": 17.583921551704407
}