{
    "botanical_garden": 16.182497143745422,
    "field-wild": 5.897108465433121,
    "florist_shop-indoor": 48.01327288150787,
    "orchard": 6.967230141162872,
    "vegetable_garden": 11.105860769748688
}