{
    "creek": 3.168227896094322,
    "forest-broadleaf": 31.72595202922821,
    "forest_path": 21.17139995098114,
    "rainforest": 19.812890887260437,
    "swamp": 4.315117746591568
}