{
    "creek": 1.9553771242499352,
    "forest-broadleaf": 55.894047021865845,
    "forest_path": 15.616239607334137,
    "rainforest": 8.660899847745895,
    "swamp": 6.8028949201107025
}