{
    "creek": 3.31476591527462,
    "forest-broadleaf": 35.02788841724396,
    "forest_path": 34.07943248748779,
    "rainforest": 9.910871833562851,
    "swamp": 4.2065925896167755
}