{
    "creek": 3.1682629138231277,
    "forest-broadleaf": 31.726062297821045,
    "forest_path": 21.171310544013977,
    "rainforest": 19.81288194656372,
    "swamp": 4.315083473920822
}