{
    "bamboo_forest": 1.6341503709554672,
    "forest-broadleaf": 53.579914569854736,
    "forest_path": 32.18449652194977,
    "rainforest": 6.772900372743607,
    "swamp": 1.0632402263581753
}