{
    "bamboo_forest": 8.391858637332916,
    "forest-broadleaf": 35.62472462654114,
    "forest_path": 32.861876487731934,
    "rainforest": 13.287431001663208,
    "swamp": 3.0430421233177185
}