{
    "bamboo_forest": 2.697256952524185,
    "forest-broadleaf": 55.976665019989014,
    "forest_path": 22.421617805957794,
    "rainforest": 8.142595738172531,
    "swamp": 2.821207046508789
}