{
    "bamboo_forest": 3.7981748580932617,
    "forest-broadleaf": 51.185959577560425,
    "forest_path": 34.48544144630432,
    "forest_road": 1.4996700920164585,
    "rainforest": 4.4284045696258545
}