{
    "bamboo_forest": 5.923930183053017,
    "forest-broadleaf": 51.061850786209106,
    "forest_path": 28.682681918144226,
    "rainforest": 6.530383974313736,
    "swamp": 2.5338932871818542
}