{
    "alley": 0.1339051639661193,
    "driveway": 2.0145082846283913,
    "garage-indoor": 0.4429205320775509,
    "garage-outdoor": 95.5639660358429,
    "residential_neighborhood": 0.2931504277512431
}