{
    "driveway": 0.5939822178333998,
    "garage-indoor": 0.17093608621507883,
    "garage-outdoor": 98.6804723739624,
    "loading_dock": 0.05333058652468026,
    "residential_neighborhood": 0.04801650648005307
}