{
    "driveway": 0.6410021334886551,
    "garage-indoor": 0.08912915945984423,
    "garage-outdoor": 98.41845035552979,
    "loading_dock": 0.0680941331665963,
    "manufactured_home": 0.09845547610893846
}