{
    "botanical_garden": 5.231250822544098,
    "fishpond": 15.313103795051575,
    "japanese_garden": 27.782872319221497,
    "pond": 18.552127480506897,
    "swamp": 7.544677704572678
}