{
    "fishpond": 12.244495749473572,
    "formal_garden": 2.3471057415008545,
    "japanese_garden": 73.19871187210083,
    "moat-water": 1.0083230212330818,
    "pond": 2.9069919139146805
}