{
    "botanical_garden": 3.0311154201626778,
    "fishpond": 8.54489728808403,
    "japanese_garden": 50.54813623428345,
    "pond": 7.850576937198639,
    "swamp": 2.3951858282089233
}