{
    "botanical_garden": 3.031091019511223,
    "fishpond": 8.544827997684479,
    "japanese_garden": 50.54830312728882,
    "pond": 7.8505732119083405,
    "swamp": 2.39519402384758
}