{
    "fishpond": 6.195496767759323,
    "formal_garden": 2.3331742733716965,
    "fountain": 1.3411588035523891,
    "japanese_garden": 75.26039481163025,
    "pond": 2.608131617307663
}