{
    "botanical_garden": 1.134218368679285,
    "fishpond": 13.749255239963531,
    "formal_garden": 0.9432603605091572,
    "japanese_garden": 71.81485295295715,
    "pond": 3.8332074880599976
}