{
    "fishpond": 15.734514594078064,
    "japanese_garden": 30.75149953365326,
    "marsh": 4.1747696697711945,
    "pond": 17.653577029705048,
    "swamp": 6.492951512336731
}