{
    "botanical_garden": 1.3053659349679947,
    "fishpond": 18.827560544013977,
    "formal_garden": 2.099027670919895,
    "japanese_garden": 56.47565722465515,
    "pond": 6.5697818994522095
}