{
    "botanical_garden": 4.434856399893761,
    "fishpond": 18.713228404521942,
    "japanese_garden": 41.22169017791748,
    "pond": 7.3339663445949554,
    "rainforest": 3.1154586002230644
}