{
    "castle": 7.058076560497284,
    "church-outdoor": 6.866230070590973,
    "kasbah": 31.27264380455017,
    "mausoleum": 6.651221960783005,
    "ruin": 12.300292402505875
}