{
    "aqueduct": 61.27216815948486,
    "arch": 9.083355218172073,
    "kasbah": 8.500338345766068,
    "ruin": 6.669294834136963,
    "viaduct": 3.9155345410108566
}