{
    "aqueduct": 22.73654192686081,
    "arch": 9.904783964157104,
    "church-outdoor": 7.21086785197258,
    "kasbah": 12.787657976150513,
    "ruin": 23.10357838869095
}