{
    "aqueduct": 10.344821214675903,
    "arch": 12.862752377986908,
    "church-outdoor": 15.23602306842804,
    "kasbah": 11.147932708263397,
    "museum-outdoor": 7.620289176702499
}