{
    "aqueduct": 15.629582107067108,
    "arch": 10.479123890399933,
    "church-outdoor": 6.457675993442535,
    "kasbah": 19.350676238536835,
    "ruin": 20.64967006444931
}