{
    "aqueduct": 9.94417741894722,
    "arch": 8.878473937511444,
    "church-outdoor": 7.572407275438309,
    "kasbah": 23.36847335100174,
    "ruin": 10.53299680352211
}