{
    "aqueduct": 22.736920416355133,
    "arch": 9.904874116182327,
    "church-outdoor": 7.210877537727356,
    "kasbah": 12.787480652332306,
    "ruin": 23.10325801372528
}