{
    "aqueduct": 9.827665239572525,
    "arch": 6.398838758468628,
    "kasbah": 26.947107911109924,
    "museum-outdoor": 8.49275067448616,
    "ruin": 7.4627019464969635
}