{
    "aqueduct": 18.78414899110794,
    "arch": 8.488023281097412,
    "church-outdoor": 8.641577512025833,
    "kasbah": 12.820234894752502,
    "palace": 6.84993788599968
}