{
    "childs_room": 5.543495714664459,
    "nursery": 11.620113998651505,
    "playroom": 8.341477811336517,
    "waiting_room": 15.370795130729675,
    "youth_hostel": 7.127988338470459
}