{
    "childs_room": 8.659786731004715,
    "dorm_room": 13.33652138710022,
    "nursery": 6.1552491039037704,
    "playroom": 10.017211735248566,
    "waiting_room": 9.046551585197449
}