{
    "bedroom": 4.827907681465149,
    "dorm_room": 9.144998341798782,
    "nursery": 34.91489589214325,
    "waiting_room": 7.106174528598785,
    "youth_hostel": 11.22530773282051
}