{
    "dining_room": 7.50737190246582,
    "dorm_room": 9.240004420280457,
    "living_room": 7.2259970009326935,
    "nursery": 7.277726382017136,
    "waiting_room": 15.830783545970917
}