{
    "bedroom": 4.827910661697388,
    "dorm_room": 9.14500430226326,
    "nursery": 34.91491973400116,
    "waiting_room": 7.106233388185501,
    "youth_hostel": 11.225228756666183
}