{
    "dorm_room": 6.738509237766266,
    "home_office": 6.572826951742172,
    "living_room": 8.61421450972557,
    "television_room": 7.025408744812012,
    "waiting_room": 12.105061113834381
}