{
    "bazaar-indoor": 5.39088100194931,
    "bazaar-outdoor": 55.17945885658264,
    "flea_market-indoor": 7.990642637014389,
    "market-outdoor": 9.45688784122467,
    "slum": 14.0181303024292
}