{
    "bazaar-outdoor": 12.132758647203445,
    "fountain": 4.902414232492447,
    "plaza": 5.606469511985779,
    "ruin": 6.730368733406067,
    "slum": 8.67830440402031
}