{
    "bazaar-outdoor": 12.132656574249268,
    "fountain": 4.902354255318642,
    "plaza": 5.60644343495369,
    "ruin": 6.730362772941589,
    "slum": 8.678329735994339
}