{
    "bazaar-indoor": 5.555998906493187,
    "bazaar-outdoor": 32.70980715751648,
    "market-outdoor": 4.206032678484917,
    "slum": 29.219719767570496,
    "street": 4.3823666870594025
}