{
    "bazaar-outdoor": 12.104785442352295,
    "beer_garden": 4.110817983746529,
    "landfill": 2.449779585003853,
    "market-outdoor": 3.9578013122081757,
    "slum": 37.51993179321289
}