{
    "alley": 3.1036539003252983,
    "bazaar-outdoor": 20.959006249904633,
    "market-outdoor": 4.040060192346573,
    "slum": 25.31130313873291,
    "street": 6.131378561258316
}