{
    "arcade": 11.21862456202507,
    "atrium-public": 5.82183338701725,
    "entrance_hall": 4.313565045595169,
    "lobby": 6.668198853731155,
    "mezzanine": 6.614943593740463
}