{
    "arcade": 9.61744487285614,
    "archive": 6.076067686080933,
    "atrium-public": 5.695583298802376,
    "library-indoor": 4.3258365243673325,
    "mezzanine": 13.34812045097351
}