{
    "alley": 7.834560424089432,
    "arcade": 25.265586376190186,
    "atrium-public": 5.118643492460251,
    "corridor": 8.034498989582062,
    "elevator_lobby": 5.037441104650497
}