{
    "alley": 8.090682327747345,
    "arcade": 13.559891283512115,
    "atrium-public": 6.901925057172775,
    "jail_cell": 4.5583803206682205,
    "mezzanine": 21.880120038986206
}