{
    "alley": 7.834519445896149,
    "arcade": 25.26564598083496,
    "atrium-public": 5.118655413389206,
    "corridor": 8.034487813711166,
    "elevator_lobby": 5.037414655089378
}