{
    "arcade": 8.050534129142761,
    "archive": 8.713008463382721,
    "bookstore": 4.621093720197678,
    "library-indoor": 8.758530020713806,
    "mezzanine": 5.39654940366745
}