{
    "mountain": 11.993083357810974,
    "mountain_path": 5.0959475338459015,
    "mountain_snowy": 38.029271364212036,
    "valley": 7.199306041002274,
    "volcano": 16.365984082221985
}