{
    "mountain": 24.26847517490387,
    "mountain_path": 8.968286961317062,
    "mountain_snowy": 15.427394211292267,
    "valley": 16.83787703514099,
    "volcano": 9.004075825214386
}