{
    "mountain": 11.993129551410675,
    "mountain_path": 5.0959669053554535,
    "mountain_snowy": 38.029417395591736,
    "valley": 7.199196517467499,
    "volcano": 16.366046667099
}