{
    "mountain": 20.022039115428925,
    "mountain_path": 4.440031200647354,
    "mountain_snowy": 17.51597374677658,
    "valley": 12.06262856721878,
    "volcano": 14.450187981128693
}