{
    "mountain": 20.486970245838165,
    "mountain_path": 10.279591381549835,
    "mountain_snowy": 18.8082218170166,
    "valley": 13.02429735660553,
    "volcano": 10.34102588891983
}