{
    "mountain": 15.660105645656586,
    "mountain_path": 2.793685160577297,
    "mountain_snowy": 7.411997765302658,
    "valley": 9.567136317491531,
    "volcano": 46.60429060459137
}