{
    "mountain": 21.982228755950928,
    "mountain_path": 4.872263967990875,
    "mountain_snowy": 6.544603407382965,
    "valley": 7.712545245885849,
    "volcano": 37.18109726905823
}