{
    "butte": 2.1594611927866936,
    "mountain": 26.690122485160828,
    "mountain_snowy": 9.833591431379318,
    "valley": 10.216427594423294,
    "volcano": 32.69044756889343
}