{
    "mountain": 20.39482891559601,
    "mountain_path": 4.621623829007149,
    "mountain_snowy": 13.470803201198578,
    "valley": 8.877000957727432,
    "volcano": 30.420681834220886
}