{
    "carrousel": 0.8592714555561543,
    "gazebo-exterior": 29.903456568717957,
    "pagoda": 55.718451738357544,
    "pavilion": 1.1706826277077198,
    "temple-asia": 10.272962599992752
}