{
    "gazebo-exterior": 5.197608843445778,
    "mausoleum": 0.926421582698822,
    "pagoda": 81.1369776725769,
    "pavilion": 1.0335846804082394,
    "temple-asia": 9.433005005121231
}