{
    "gazebo-exterior": 22.663941979408264,
    "mausoleum": 5.302166938781738,
    "pagoda": 32.90647566318512,
    "pavilion": 6.288653612136841,
    "temple-asia": 8.38589072227478
}