{
    "gazebo-exterior": 5.37920668721199,
    "pagoda": 54.35044765472412,
    "palace": 1.5087098814547062,
    "pavilion": 2.5544077157974243,
    "temple-asia": 25.606432557106018
}