{
    "carrousel": 0.8592698723077774,
    "gazebo-exterior": 29.90339994430542,
    "pagoda": 55.718350410461426,
    "pavilion": 1.1706984601914883,
    "temple-asia": 10.273101180791855
}