{
    "gazebo-exterior": 2.071094885468483,
    "museum-outdoor": 0.38462821394205093,
    "pagoda": 91.17108583450317,
    "pavilion": 0.7224941160529852,
    "temple-asia": 4.096707329154015
}