{
    "gazebo-exterior": 16.487763822078705,
    "museum-outdoor": 2.24202461540699,
    "pagoda": 40.100836753845215,
    "pavilion": 5.626910552382469,
    "temple-asia": 24.46420043706894
}