{
    "gazebo-exterior": 11.239750683307648,
    "mosque-outdoor": 0.8143601007759571,
    "pagoda": 56.43410682678223,
    "pavilion": 3.4386437386274338,
    "temple-asia": 21.576441824436188
}