{
    "carrousel": 0.6212016101926565,
    "gazebo-exterior": 44.72065269947052,
    "pagoda": 36.354029178619385,
    "pavilion": 4.288634285330772,
    "temple-asia": 12.8501757979393
}