{
    "athletic_field-outdoor": 10.59345155954361,
    "baseball_field": 24.02399778366089,
    "football_field": 9.317927062511444,
    "soccer_field": 10.023291409015656,
    "stadium-soccer": 8.043409138917923
}