{
    "athletic_field-outdoor": 10.593507438898087,
    "baseball_field": 24.023939669132233,
    "football_field": 9.31801125407219,
    "soccer_field": 10.023190826177597,
    "stadium-soccer": 8.043328672647476
}