{
    "athletic_field-outdoor": 15.548349916934967,
    "baseball_field": 21.305322647094727,
    "football_field": 6.543449312448502,
    "soccer_field": 14.493374526500702,
    "stadium-football": 8.189155161380768
}