{
    "athletic_field-outdoor": 8.447623252868652,
    "playground": 5.960356444120407,
    "raft": 4.794399067759514,
    "volleyball_court-outdoor": 8.740685135126114,
    "water_park": 8.481139689683914
}