{
    "athletic_field-outdoor": 17.665864527225494,
    "baseball_field": 10.999488830566406,
    "sandbox": 6.089575216174126,
    "soccer_field": 8.893804997205734,
    "volleyball_court-outdoor": 13.716685771942139
}