{
    "athletic_field-outdoor": 5.13969324529171,
    "baseball_field": 6.099626421928406,
    "playground": 17.22048819065094,
    "volleyball_court-outdoor": 14.246799051761627,
    "water_park": 5.683265253901482
}