{
    "driveway": 5.486686900258064,
    "garage-outdoor": 45.05160450935364,
    "house": 3.7479951977729797,
    "manufactured_home": 7.770004868507385,
    "shed": 2.638895623385906
}