{
    "balcony-exterior": 6.016329675912857,
    "driveway": 3.9525046944618225,
    "garage-outdoor": 27.38395929336548,
    "house": 6.309390068054199,
    "manufactured_home": 15.074476599693298
}