{
    "driveway": 4.561911895871162,
    "garage-outdoor": 66.75100326538086,
    "house": 3.8891110569238663,
    "manufactured_home": 6.186869740486145,
    "residential_neighborhood": 2.215813472867012
}