{
    "arcade": 19.596470892429352,
    "bazaar-indoor": 3.372468054294586,
    "entrance_hall": 6.8077147006988525,
    "lobby": 6.170256063342094,
    "shopping_mall-indoor": 4.205101355910301
}