{
    "arcade": 7.604008167982101,
    "atrium-public": 2.1265601739287376,
    "bazaar-indoor": 4.333923012018204,
    "science_museum": 1.9066141918301582,
    "shopping_mall-indoor": 8.182469755411148
}