{
    "arcade": 30.127662420272827,
    "bazaar-indoor": 6.228398904204369,
    "lobby": 3.5916537046432495,
    "market-indoor": 2.676267921924591,
    "shopping_mall-indoor": 8.032583445310593
}