{
    "arcade": 19.596439599990845,
    "bazaar-indoor": 3.3724628388881683,
    "entrance_hall": 6.807807832956314,
    "lobby": 6.170317158102989,
    "shopping_mall-indoor": 4.205126687884331
}