{
    "alley": 2.2572634741663933,
    "arcade": 22.299368679523468,
    "atrium-public": 10.658617317676544,
    "hotel-outdoor": 1.940263994038105,
    "shopping_mall-indoor": 13.715307414531708
}