{
    "arcade": 13.343119621276855,
    "entrance_hall": 3.7994172424077988,
    "medina": 2.159011922776699,
    "shopping_mall-indoor": 3.7073716521263123,
    "ticket_booth": 2.6127835735678673
}