{
    "berth": 4.735707119107246,
    "dorm_room": 3.331528976559639,
    "home_theater": 25.016915798187256,
    "movie_theater-indoor": 9.150069952011108,
    "recreation_room": 2.8305398300290108
}