{
    "attic": 3.5389430820941925,
    "berth": 3.002682887017727,
    "bow_window-indoor": 3.7846140563488007,
    "home_theater": 19.975122809410095,
    "movie_theater-indoor": 17.437638342380524
}