{
    "attic": 4.130170121788979,
    "basement": 5.258742347359657,
    "movie_theater-indoor": 4.281284287571907,
    "music_studio": 8.105288445949554,
    "television_studio": 8.30795168876648
}