{
    "attic": 4.130187630653381,
    "basement": 5.258704721927643,
    "movie_theater-indoor": 4.281220957636833,
    "music_studio": 8.105354011058807,
    "television_studio": 8.307955414056778
}