{
    "airplane_cabin": 12.22827360033989,
    "attic": 5.288365483283997,
    "home_theater": 8.358766883611679,
    "movie_theater-indoor": 14.745612442493439,
    "train_interior": 5.698444694280624
}