{
    "basement": 5.378365516662598,
    "home_theater": 16.046303510665894,
    "movie_theater-indoor": 8.615218102931976,
    "music_studio": 9.256964921951294,
    "television_studio": 5.580723658204079
}