{
    "marsh": 5.401556566357613,
    "raft": 7.150115817785263,
    "river": 5.225033313035965,
    "swimming_hole": 55.53054213523865,
    "watering_hole": 8.218187838792801
}