{
    "lagoon": 3.5287998616695404,
    "marsh": 2.6499751955270767,
    "raft": 49.825432896614075,
    "river": 2.5358106940984726,
    "swimming_hole": 30.446991324424744
}