{
    "lake-natural": 10.133936256170273,
    "marsh": 8.925240486860275,
    "pond": 6.4752496778965,
    "river": 10.83928719162941,
    "swimming_hole": 35.53794324398041
}