{
    "lake-natural": 10.1339690387249,
    "marsh": 8.925406634807587,
    "pond": 6.475295126438141,
    "river": 10.839282721281052,
    "swimming_hole": 35.53779125213623
}