{
    "lagoon": 5.6042782962322235,
    "marsh": 6.086636334657669,
    "raft": 6.609703600406647,
    "river": 5.888353660702705,
    "swimming_hole": 52.65880227088928
}