{
    "lake-natural": 6.79754912853241,
    "raft": 14.29411917924881,
    "river": 8.797688782215118,
    "swimming_hole": 36.65480017662048,
    "watering_hole": 5.567460134625435
}