{
    "gazebo-exterior": 2.7934864163398743,
    "greenhouse-outdoor": 4.27711047232151,
    "pagoda": 2.737658843398094,
    "roof_garden": 2.6177188381552696,
    "tree_house": 12.920992076396942
}