{
    "balcony-interior": 3.718918189406395,
    "fire_escape": 2.3236557841300964,
    "porch": 3.14476378262043,
    "roof_garden": 2.8362927958369255,
    "tree_house": 4.930075258016586
}