{
    "fire_escape": 3.8815654814243317,
    "office_building": 2.9351498931646347,
    "pagoda": 3.084847517311573,
    "skyscraper": 2.945334278047085,
    "tower": 3.14636267721653
}