{
    "desert-vegetation": 4.388877376914024,
    "mountain": 8.255745470523834,
    "mountain_path": 43.13441812992096,
    "tundra": 5.017764866352081,
    "valley": 7.893570512533188
}