{
    "mountain": 11.46007627248764,
    "mountain_path": 28.461074829101562,
    "mountain_snowy": 7.57499486207962,
    "tundra": 7.895399630069733,
    "valley": 12.396592646837234
}