{
    "canyon": 4.8933785408735275,
    "mountain": 17.938879132270813,
    "mountain_path": 22.44090735912323,
    "tundra": 4.472704976797104,
    "valley": 11.651875078678131
}