{
    "arena-performance": 2.888757735490799,
    "beer_garden": 5.16919307410717,
    "orchestra_pit": 3.4545954316854477,
    "racecourse": 8.469730615615845,
    "stage-outdoor": 22.149138152599335
}