{
    "beer_garden": 4.161665588617325,
    "botanical_garden": 3.944757953286171,
    "market-outdoor": 2.8427768498659134,
    "park": 4.876257106661797,
    "stage-outdoor": 4.339117929339409
}