{
    "arena-performance": 3.3202864229679108,
    "beer_garden": 3.328034281730652,
    "cemetery": 3.0330777168273926,
    "fountain": 3.8005463778972626,
    "stage-outdoor": 4.690291732549667
}