{
    "arena-performance": 3.3202819526195526,
    "beer_garden": 3.328067809343338,
    "cemetery": 3.033061884343624,
    "fountain": 3.800526261329651,
    "stage-outdoor": 4.690302908420563
}