{
    "bazaar-outdoor": 3.6061126738786697,
    "beer_garden": 16.643865406513214,
    "market-outdoor": 4.144471511244774,
    "park": 3.5155698657035828,
    "stage-outdoor": 10.617731511592865
}