{
    "arena-performance": 3.410782665014267,
    "beer_garden": 7.058798521757126,
    "landfill": 4.172829166054726,
    "park": 4.403117671608925,
    "stage-outdoor": 7.050348073244095
}