{
    "hot_spring": 0.8179488591849804,
    "mountain": 3.716765344142914,
    "mountain_snowy": 1.633700169622898,
    "valley": 1.4599771238863468,
    "volcano": 87.06298470497131
}