{
    "hot_spring": 1.4761256985366344,
    "mountain": 7.5707584619522095,
    "mountain_snowy": 2.800638787448406,
    "valley": 2.855876460671425,
    "volcano": 74.62578415870667
}