{
    "mountain": 7.522415369749069,
    "mountain_snowy": 2.021990902721882,
    "sky": 2.4176256731152534,
    "valley": 2.7567002922296524,
    "volcano": 72.49350547790527
}