{
    "amphitheater": 6.684652715921402,
    "aqueduct": 36.0234797000885,
    "arch": 9.612579643726349,
    "kasbah": 5.7540953159332275,
    "ruin": 21.9547837972641
}