{
    "aqueduct": 32.815542817115784,
    "arch": 9.168405830860138,
    "castle": 9.757483005523682,
    "kasbah": 10.809452831745148,
    "ruin": 12.66581267118454
}