{
    "aqueduct": 5.886378511786461,
    "arcade": 10.08755937218666,
    "arch": 20.019613206386566,
    "church-indoor": 26.85980796813965,
    "throne_room": 7.3090799152851105
}