{
    "aqueduct": 5.886346846818924,
    "arcade": 10.087620466947556,
    "arch": 20.019887387752533,
    "church-indoor": 26.85956060886383,
    "throne_room": 7.309068739414215
}