{
    "aqueduct": 5.886324867606163,
    "arcade": 10.087735950946808,
    "arch": 20.019660890102386,
    "church-indoor": 26.859667897224426,
    "throne_room": 7.309124618768692
}