{
    "arcade": 2.64792013913393,
    "church-indoor": 37.8596156835556,
    "entrance_hall": 14.756298065185547,
    "lobby": 2.3705219849944115,
    "throne_room": 29.37709391117096
}