{
    "aqueduct": 5.886667966842651,
    "arcade": 10.087285190820694,
    "arch": 20.020215213298798,
    "church-indoor": 26.859182119369507,
    "throne_room": 7.3087140917778015
}