{
    "bank_vault": 8.071977645158768,
    "elevator-door": 4.108115658164024,
    "gas_station": 3.9723917841911316,
    "phone_booth": 7.975076138973236,
    "ticket_booth": 8.090412616729736
}