{
    "elevator-door": 7.996421307325363,
    "elevator_lobby": 5.600019544363022,
    "museum-indoor": 6.804880499839783,
    "reception": 3.5682082176208496,
    "ticket_booth": 8.014347404241562
}