{
    "bank_vault": 8.071985095739365,
    "elevator-door": 4.10810299217701,
    "gas_station": 3.9724253118038177,
    "phone_booth": 7.9749614000320435,
    "ticket_booth": 8.090326935052872
}