{
    "bank_vault": 8.07197168469429,
    "elevator-door": 4.108081012964249,
    "gas_station": 3.9724189788103104,
    "phone_booth": 7.975100725889206,
    "ticket_booth": 8.090437203645706
}