{
    "bank_vault": 8.071959018707275,
    "elevator-door": 4.108152538537979,
    "gas_station": 3.972412645816803,
    "phone_booth": 7.975178956985474,
    "ticket_booth": 8.090393245220184
}