{
    "balcony-exterior": 5.35498820245266,
    "beach_house": 6.179444864392281,
    "courtyard": 10.865388065576553,
    "patio": 3.5063184797763824,
    "roof_garden": 3.7056993693113327
}