{
    "balcony-exterior": 4.885188862681389,
    "beach_house": 4.432127624750137,
    "courtyard": 7.679063081741333,
    "patio": 5.09471595287323,
    "roof_garden": 6.622721254825592
}