{
    "badlands": 10.72021871805191,
    "butte": 74.31378364562988,
    "canyon": 2.2133395075798035,
    "desert-sand": 1.5026907436549664,
    "rock_arch": 2.4881258606910706
}