{
    "badlands": 14.692778885364532,
    "butte": 80.50276041030884,
    "canyon": 2.4297675117850304,
    "desert-sand": 0.13706869212910533,
    "rock_arch": 1.2765154242515564
}