{
    "arena-rodeo": 34.0872585773468,
    "bullring": 4.488501325249672,
    "corral": 12.638740241527557,
    "racecourse": 48.774874210357666,
    "stable": 0.003396103056729771
}