{
    "arena-rodeo": 26.704412698745728,
    "bullring": 3.379707783460617,
    "corral": 29.184862971305847,
    "racecourse": 39.58114683628082,
    "volleyball_court-outdoor": 0.4970722831785679
}