{
    "arena-rodeo": 26.704654097557068,
    "bullring": 3.3797644078731537,
    "corral": 29.185348749160767,
    "racecourse": 39.58029747009277,
    "volleyball_court-outdoor": 0.4970881622284651
}