{
    "arena-rodeo": 26.704499125480652,
    "bullring": 3.379692882299423,
    "corral": 29.18362021446228,
    "racecourse": 39.582180976867676,
    "volleyball_court-outdoor": 0.4971155896782875
}