{
    "arena-rodeo": 26.704946160316467,
    "bullring": 3.3797498792409897,
    "corral": 29.183664917945862,
    "racecourse": 39.58163857460022,
    "volleyball_court-outdoor": 0.49712019972503185
}