{
    "badlands": 47.26540446281433,
    "butte": 26.264643669128418,
    "canyon": 5.6566014885902405,
    "desert-sand": 3.5632487386465073,
    "mountain": 1.758829690515995
}