{
    "badlands": 7.1581244468688965,
    "butte": 8.517947047948837,
    "desert-sand": 21.11801952123642,
    "mountain_snowy": 11.318158358335495,
    "wheat_field": 18.321774899959564
}