{
    "badlands": 5.827716365456581,
    "desert-vegetation": 23.251117765903473,
    "mountain_path": 4.8189036548137665,
    "tree_farm": 4.681022465229034,
    "tundra": 9.257197380065918
}