{
    "desert-vegetation": 18.988706171512604,
    "mountain_path": 2.7513328939676285,
    "orchard": 5.507971346378326,
    "tree_farm": 10.414999723434448,
    "vineyard": 7.929845154285431
}