{
    "botanical_garden": 8.938201516866684,
    "fishpond": 4.3510496616363525,
    "florist_shop-indoor": 61.69835925102234,
    "orchard": 5.145716294646263,
    "vegetable_garden": 6.350670754909515
}