{
    "botanical_garden": 9.61158573627472,
    "fishpond": 8.404378592967987,
    "florist_shop-indoor": 53.92251014709473,
    "orchard": 3.0523058027029037,
    "vegetable_garden": 11.039764434099197
}