{
    "forest-broadleaf": 57.60408639907837,
    "forest_path": 11.224333196878433,
    "orchard": 3.111218474805355,
    "ski_slope": 3.050774335861206,
    "swamp": 2.7946822345256805
}