{
    "creek": 5.4524824023246765,
    "forest-broadleaf": 19.499143958091736,
    "forest_path": 5.019230768084526,
    "rainforest": 12.567521631717682,
    "swamp": 5.562441423535347
}