{
    "forest-broadleaf": 57.604461908340454,
    "forest_path": 11.224449425935745,
    "orchard": 3.1110962852835655,
    "ski_slope": 3.0507126823067665,
    "swamp": 2.7946580201387405
}