{
    "forest-broadleaf": 57.603925466537476,
    "forest_path": 11.224301904439926,
    "orchard": 3.1111976131796837,
    "ski_slope": 3.050661087036133,
    "swamp": 2.794749103486538
}