{
    "bamboo_forest": 18.390166759490967,
    "forest-broadleaf": 59.91474986076355,
    "forest_path": 4.631564021110535,
    "rainforest": 2.444259263575077,
    "swamp": 6.3876524567604065
}