{
    "forest-broadleaf": 57.60406851768494,
    "forest_path": 11.224372684955597,
    "orchard": 3.1112173572182655,
    "ski_slope": 3.0507616698741913,
    "swamp": 2.794681303203106
}