{
    "driveway": 1.462043635547161,
    "garage-outdoor": 92.09402203559875,
    "loading_dock": 0.3432435914874077,
    "manufactured_home": 1.963181421160698,
    "ski_resort": 0.24394828360527754
}