{
    "driveway": 0.11948340106755495,
    "garage-indoor": 0.08348289411514997,
    "garage-outdoor": 99.40779209136963,
    "manufactured_home": 0.11390752624720335,
    "residential_neighborhood": 0.05088899051770568
}