{
    "fishpond": 7.13384747505188,
    "fountain": 13.893000781536102,
    "japanese_garden": 10.085506737232208,
    "moat-water": 4.483823850750923,
    "pond": 4.909941926598549
}