{
    "fishpond": 6.2676481902599335,
    "fountain": 6.496918201446533,
    "japanese_garden": 3.7906747311353683,
    "moat-water": 5.356322228908539,
    "pond": 6.716155260801315
}