{
    "fishpond": 8.567460626363754,
    "fountain": 6.008264049887657,
    "japanese_garden": 4.082692414522171,
    "pond": 6.645520776510239,
    "watering_hole": 6.254187226295471
}