{
    "fishpond": 8.567506819963455,
    "fountain": 6.008274108171463,
    "japanese_garden": 4.082698747515678,
    "pond": 6.645481288433075,
    "watering_hole": 6.254221498966217
}