{
    "fishpond": 8.56725201010704,
    "fountain": 6.008415669202805,
    "japanese_garden": 4.082437232136726,
    "pond": 6.645384430885315,
    "watering_hole": 6.254225969314575
}