{
    "fishpond": 8.56698751449585,
    "fountain": 6.008390709757805,
    "japanese_garden": 4.082357883453369,
    "pond": 6.645407527685165,
    "watering_hole": 6.254223734140396
}