{
    "aqueduct": 31.499531865119934,
    "church-outdoor": 9.188801795244217,
    "kasbah": 24.506978690624237,
    "mosque-outdoor": 7.242756336927414,
    "ruin": 6.534057110548019
}