{
    "aqueduct": 31.500092148780823,
    "church-outdoor": 9.188615530729294,
    "kasbah": 24.507229030132294,
    "mosque-outdoor": 7.242444157600403,
    "ruin": 6.5339237451553345
}