{
    "aqueduct": 31.49891197681427,
    "church-outdoor": 9.188832342624664,
    "kasbah": 24.507245421409607,
    "mosque-outdoor": 7.242836058139801,
    "ruin": 6.533978134393692
}