{
    "aqueduct": 31.49963915348053,
    "church-outdoor": 9.188693761825562,
    "kasbah": 24.507063627243042,
    "mosque-outdoor": 7.242672145366669,
    "ruin": 6.53407946228981
}