{
    "church-outdoor": 11.244168132543564,
    "mausoleum": 14.333751797676086,
    "mosque-outdoor": 8.39122086763382,
    "museum-outdoor": 10.299274325370789,
    "synagogue-outdoor": 15.751315653324127
}