{
    "aqueduct": 26.992905139923096,
    "arch": 8.18883553147316,
    "church-outdoor": 6.477011740207672,
    "kasbah": 16.011324524879456,
    "mausoleum": 8.465875685214996
}