{
    "bathroom": 8.400081843137741,
    "bedroom": 7.573976367712021,
    "bow_window-indoor": 7.836490869522095,
    "dining_room": 12.408172339200974,
    "nursery": 13.718780875205994
}