{
    "bathroom": 18.221840262413025,
    "childs_room": 4.842011258006096,
    "dining_room": 11.479707062244415,
    "playroom": 4.591798037290573,
    "shower": 7.544071972370148
}