{
    "bathroom": 18.22110265493393,
    "childs_room": 4.841741919517517,
    "dining_room": 11.480337381362915,
    "playroom": 4.591682180762291,
    "shower": 7.5436800718307495
}