{
    "bathroom": 18.22119653224945,
    "childs_room": 4.841784760355949,
    "dining_room": 11.48039773106575,
    "playroom": 4.591723158955574,
    "shower": 7.543661445379257
}