{
    "bathroom": 18.221542239189148,
    "childs_room": 4.842006042599678,
    "dining_room": 11.479782313108444,
    "playroom": 4.591880366206169,
    "shower": 7.544121146202087
}