{
    "campus": 3.815346211194992,
    "fountain": 4.817294701933861,
    "park": 4.058194160461426,
    "plaza": 6.923527270555496,
    "water_park": 3.7309471517801285
}