{
    "campus": 3.815295547246933,
    "fountain": 4.8173218965530396,
    "park": 4.0582325309515,
    "plaza": 6.923593580722809,
    "water_park": 3.730897232890129
}