{
    "bazaar-outdoor": 5.7920340448617935,
    "beer_garden": 23.129655420780182,
    "market-outdoor": 8.177211880683899,
    "plaza": 3.6960359662771225,
    "restaurant_patio": 5.614816769957542
}