{
    "campus": 3.8153037428855896,
    "fountain": 4.81736920773983,
    "park": 4.0582723915576935,
    "plaza": 6.923422962427139,
    "water_park": 3.7310048937797546
}