{
    "campus": 3.8153178989887238,
    "fountain": 4.8173688352108,
    "park": 4.058271646499634,
    "plaza": 6.9234490394592285,
    "water_park": 3.731004148721695
}