{
    "arcade": 12.055782973766327,
    "atrium-public": 15.613013505935669,
    "entrance_hall": 25.47861337661743,
    "lobby": 6.0919564217329025,
    "mezzanine": 9.370733797550201
}