{
    "arcade": 12.05698773264885,
    "atrium-public": 15.61320275068283,
    "entrance_hall": 25.477075576782227,
    "lobby": 6.091519817709923,
    "mezzanine": 9.370383620262146
}