{
    "arcade": 12.056735157966614,
    "atrium-public": 15.6134694814682,
    "entrance_hall": 25.477415323257446,
    "lobby": 6.091460958123207,
    "mezzanine": 9.37061533331871
}