{
    "artists_loft": 3.9794646203517914,
    "entrance_hall": 23.12108725309372,
    "lobby": 8.597635477781296,
    "mezzanine": 25.22786259651184,
    "staircase": 6.048407778143883
}