{
    "arcade": 12.056704610586166,
    "atrium-public": 15.613611042499542,
    "entrance_hall": 25.477448105812073,
    "lobby": 6.0913994908332825,
    "mezzanine": 9.370556473731995
}