{
    "glacier": 7.955630123615265,
    "mountain": 7.08576962351799,
    "mountain_snowy": 62.33904957771301,
    "ski_slope": 3.032047860324383,
    "valley": 5.212913081049919
}