{
    "glacier": 7.955636084079742,
    "mountain": 7.085774838924408,
    "mountain_snowy": 62.33885884284973,
    "ski_slope": 3.032061830163002,
    "valley": 5.212977156043053
}