{
    "glacier": 7.955752313137054,
    "mountain": 7.085878401994705,
    "mountain_snowy": 62.33857870101929,
    "ski_slope": 3.0320828780531883,
    "valley": 5.212893709540367
}