{
    "mountain": 5.316803604364395,
    "mountain_snowy": 8.562211692333221,
    "snowfield": 4.018604010343552,
    "valley": 6.251189857721329,
    "village": 9.004667401313782
}