{
    "glacier": 9.971306473016739,
    "mountain": 6.772555410861969,
    "mountain_snowy": 47.215914726257324,
    "ski_slope": 5.47264888882637,
    "snowfield": 6.621552258729935
}