{
    "glacier": 7.955756783485413,
    "mountain": 7.085748016834259,
    "mountain_snowy": 62.33909726142883,
    "ski_slope": 3.0321193858981133,
    "valley": 5.212897434830666
}