{
    "carrousel": 1.3786539435386658,
    "gazebo-exterior": 1.8557479605078697,
    "museum-outdoor": 1.763116754591465,
    "pagoda": 65.21505117416382,
    "temple-asia": 19.495098292827606
}