{
    "mosque-outdoor": 3.135576844215393,
    "museum-outdoor": 9.898088872432709,
    "pagoda": 11.853965371847153,
    "palace": 4.536552727222443,
    "temple-asia": 16.13423377275467
}