{
    "carrousel": 1.3786221854388714,
    "gazebo-exterior": 1.8557831645011902,
    "museum-outdoor": 1.7631970345973969,
    "pagoda": 65.21454453468323,
    "temple-asia": 19.495318830013275
}