{
    "carrousel": 1.3786404393613338,
    "gazebo-exterior": 1.855701394379139,
    "museum-outdoor": 1.76315326243639,
    "pagoda": 65.21490812301636,
    "temple-asia": 19.495205581188202
}