{
    "airfield": 3.526666760444641,
    "gazebo-exterior": 5.055224895477295,
    "pagoda": 49.76872503757477,
    "pavilion": 1.910829171538353,
    "temple-asia": 13.797098398208618
}