{
    "carrousel": 1.378664467483759,
    "gazebo-exterior": 1.8557336181402206,
    "museum-outdoor": 1.7631100490689278,
    "pagoda": 65.21505117416382,
    "temple-asia": 19.495172798633575
}