{
    "athletic_field-outdoor": 5.389322713017464,
    "baseball_field": 44.91095840930939,
    "basketball_court-indoor": 16.659660637378693,
    "soccer_field": 13.314908742904663,
    "stadium-soccer": 5.060907453298569
}