{
    "athletic_field-outdoor": 8.04656445980072,
    "baseball_field": 20.44348120689392,
    "soccer_field": 17.917169630527496,
    "volleyball_court-outdoor": 13.85466605424881,
    "water_park": 7.400720566511154
}