{
    "athletic_field-outdoor": 8.046615868806839,
    "baseball_field": 20.443299412727356,
    "soccer_field": 17.917557060718536,
    "volleyball_court-outdoor": 13.85512501001358,
    "water_park": 7.400655001401901
}