{
    "athletic_field-outdoor": 8.046650886535645,
    "baseball_field": 20.44369876384735,
    "soccer_field": 17.91777014732361,
    "volleyball_court-outdoor": 13.85449767112732,
    "water_park": 7.400433719158173
}