{
    "athletic_field-outdoor": 8.046559989452362,
    "baseball_field": 20.44331431388855,
    "soccer_field": 17.91715919971466,
    "volleyball_court-outdoor": 13.854923844337463,
    "water_park": 7.400773465633392
}