{
    "driveway": 10.147856175899506,
    "garage-outdoor": 25.37553310394287,
    "house": 5.29097244143486,
    "manufactured_home": 11.382979154586792,
    "shed": 6.661425530910492
}