{
    "cottage": 0.9539995342493057,
    "driveway": 2.2068900987505913,
    "garage-outdoor": 76.566082239151,
    "house": 2.1222321316599846,
    "manufactured_home": 7.105527073144913
}