{
    "alley": 9.773356467485428,
    "bazaar-outdoor": 6.845113635063171,
    "medina": 19.610093533992767,
    "plaza": 7.917271554470062,
    "street": 14.378610253334045
}