{
    "alley": 9.772729128599167,
    "bazaar-outdoor": 6.844961643218994,
    "medina": 19.60943341255188,
    "plaza": 7.917670160531998,
    "street": 14.37823474407196
}