{
    "alley": 9.772821515798569,
    "bazaar-outdoor": 6.845078617334366,
    "medina": 19.60999220609665,
    "plaza": 7.917623966932297,
    "street": 14.378316700458527
}