{
    "arcade": 5.524547770619392,
    "church-indoor": 4.236738756299019,
    "entrance_hall": 6.564593315124512,
    "lobby": 5.913762748241425,
    "shopping_mall-indoor": 5.888056010007858
}