{
    "alley": 9.77335050702095,
    "bazaar-outdoor": 6.8451352417469025,
    "medina": 19.610005617141724,
    "plaza": 7.9173266887664795,
    "street": 14.378546178340912
}