{
    "bow_window-indoor": 4.962841048836708,
    "conference_room": 4.036069288849831,
    "elevator-door": 3.2756853848695755,
    "home_theater": 7.520003616809845,
    "movie_theater-indoor": 10.643325746059418
}