{
    "bow_window-indoor": 4.962586238980293,
    "conference_room": 4.035831987857819,
    "elevator-door": 3.275592625141144,
    "home_theater": 7.52030685544014,
    "movie_theater-indoor": 10.643389821052551
}