{
    "bow_window-indoor": 4.962822422385216,
    "conference_room": 4.035839065909386,
    "elevator-door": 3.275636211037636,
    "home_theater": 7.520005106925964,
    "movie_theater-indoor": 10.643083602190018
}