{
    "bow_window-indoor": 4.962858557701111,
    "conference_room": 4.03602197766304,
    "elevator-door": 3.275647386908531,
    "home_theater": 7.520031183958054,
    "movie_theater-indoor": 10.643282532691956
}