{
    "attic": 4.693197458982468,
    "movie_theater-indoor": 6.0043856501579285,
    "music_studio": 12.06081435084343,
    "staircase": 5.61051145195961,
    "television_studio": 7.5881123542785645
}