{
    "beach": 2.986922673881054,
    "lagoon": 6.867561489343643,
    "raft": 28.007370233535767,
    "swimming_hole": 34.562066197395325,
    "watering_hole": 5.11493980884552
}