{
    "beach": 7.983565330505371,
    "lagoon": 22.927820682525635,
    "raft": 8.584283292293549,
    "swimming_hole": 15.099084377288818,
    "watering_hole": 9.062626212835312
}