{
    "beach": 2.986832708120346,
    "lagoon": 6.867484748363495,
    "raft": 28.00770401954651,
    "swimming_hole": 34.56208109855652,
    "watering_hole": 5.114941671490669
}