{
    "beach": 2.986910194158554,
    "lagoon": 6.867557764053345,
    "raft": 28.006717562675476,
    "swimming_hole": 34.56218242645264,
    "watering_hole": 5.115034803748131
}