{
    "beach": 2.9868455603718758,
    "lagoon": 6.867435574531555,
    "raft": 28.007394075393677,
    "swimming_hole": 34.56248939037323,
    "watering_hole": 5.114885047078133
}