{
    "gazebo-exterior": 13.674074411392212,
    "greenhouse-outdoor": 7.12360143661499,
    "patio": 2.8745632618665695,
    "pavilion": 16.09240174293518,
    "porch": 6.115144118666649
}