{
    "gazebo-exterior": 9.385557472705841,
    "greenhouse-outdoor": 8.80703255534172,
    "pavilion": 9.850548207759857,
    "playground": 17.932280898094177,
    "porch": 5.806322768330574
}