{
    "badlands": 8.014179021120071,
    "glacier": 13.591037690639496,
    "mountain": 8.42008888721466,
    "mountain_snowy": 17.4584299325943,
    "tundra": 6.694105267524719
}