{
    "glacier": 18.409983813762665,
    "mountain": 2.728040888905525,
    "mountain_snowy": 51.597028970718384,
    "ski_slope": 7.960951328277588,
    "snowfield": 8.773531764745712
}