{
    "arena-performance": 7.540548592805862,
    "basketball_court-indoor": 5.218664184212685,
    "football_field": 6.1667777597904205,
    "stadium-football": 6.399238109588623,
    "stadium-soccer": 5.1246218383312225
}