{
    "arena-performance": 7.54055380821228,
    "basketball_court-indoor": 5.218907073140144,
    "football_field": 6.166711077094078,
    "stadium-football": 6.399145722389221,
    "stadium-soccer": 5.124625563621521
}