{
    "arena-performance": 7.540586590766907,
    "basketball_court-indoor": 5.218969285488129,
    "football_field": 6.167067959904671,
    "stadium-football": 6.399539113044739,
    "stadium-soccer": 5.124902352690697
}