{
    "arena-performance": 22.252820432186127,
    "ballroom": 5.613766983151436,
    "basketball_court-indoor": 35.91887354850769,
    "orchestra_pit": 4.662078991532326,
    "stage-outdoor": 5.197909846901894
}