{
    "arena-performance": 7.540564984083176,
    "basketball_court-indoor": 5.218874663114548,
    "football_field": 6.166696548461914,
    "stadium-football": 6.3991546630859375,
    "stadium-soccer": 5.12455515563488
}