{
    "mountain": 13.457535207271576,
    "mountain_snowy": 9.429845213890076,
    "tundra": 6.235839053988457,
    "valley": 6.739155203104019,
    "volcano": 30.26207685470581
}