{
    "glacier": 9.42685753107071,
    "mountain": 9.425455331802368,
    "mountain_snowy": 39.83294665813446,
    "valley": 3.3768903464078903,
    "volcano": 21.79570198059082
}